Year,Donor,Donor type,Paid,Pledged,Total
2006,Greece,Member State,100000,0,100000
2006,Norway,Member State,29993971.19,0,29993971.19
2006,Sweden,Member State,41093249.8,0,41093249.8
2006,Switzerland,Member State,3928097.01,0,3928097.01
2006,Ecuador,Member State,20000,0,20000
2006,Croatia,Member State,5000,0,5000
2006,Grenada,Member State,10000,0,10000
2006,Liechtenstein,Member State,100000,0,100000
2006,Mexico,Member State,50000,0,50000
2006,Sri Lanka,Member State,10000,0,10000
2006,Japan,Member State,7500000,0,7500000
2006,Antigua and Barbuda,Member State,5000,0,5000
2006,Australia,Member State,7600000,0,7600000
2006,Azerbaijan,Member State,20000,0,20000
2006,Djibouti,Member State,2000,0,2000
2006,Egypt,Member State,15000,0,15000
2006,Finland,Member State,5154000,0,5154000
2006,Hyogo Prefecture (Japan),Regional/ Local Authorities,424989.38,0,424989.38
2006,Iceland,Member State,150000,0,150000
2006,Ireland,Member State,12601974,0,12601974
2006,Korea,Member State,5000000,0,5000000
2006,Kuwait,Member State,200000,0,200000
2006,Pakistan,Member State,20000,0,20000
2006,Poland,Member State,250000,0,250000
2006,South Africa,Member State,288577.15,0,288577.15
2006,Malaysia,Member State,50000,0,50000
2006,Thailand,Member State,10000,0,10000
2006,Denmark,Member State,8401243.38,0,8401243.38
2006,Kazakhstan,Member State,25000,0,25000
2006,Estonia,Member State,28102,0,28102
2006,Portugal,Member State,254220,0,254220
2006,Saudi Arabia,Member State,50000,0,50000
2006,Turkey,Member State,300000,0,300000
2006,Disaster Resource Network,Private Contributions,10000,0,10000
2006,Andorra,Member State,25440,0,25440
2006,Bangladesh,Member State,5000,0,5000
2006,France,Member State,629350,0,629350
2006,Netherlands,Member State,25260000,0,25260000
2006,Trinidad and Tobago,Member State,20000,0,20000
2006,Canada,Member State,21941309.26,0,21941309.26
2006,Czech Republic,Member State,113301.61,0,113301.61
2006,Indonesia,Member State,50000,0,50000
2006,Monaco,Member State,25000,0,25000
2006,Nigeria,Member State,2452,0,2452
2006,Qatar,Member State,2000000,0,2000000
2006,United Kingdom,Member State,69928000,0,69928000
2006,Armenia,Member State,5000,0,5000
2006,France,Member State,634450,0,634450
2006,India,Member State,1000000,0,1000000
2006,Spain,Member State,9999984,0,9999984
2006,United States of America,Member State,10000000,0,10000000
2006,Estonia,Member State,24000,0,24000
2006,Luxembourg,Member State,4000000,0,4000000
2006,Belgium,Member State,2666194.01,0,2666194.01
2006,Morocco,Member State,5000,0,5000
2006,Netherlands,Member State,26600000,0,26600000
2006,Slovenia,Member State,10000,0,10000
2007,Bulgaria,Member State,10000,0,10000
2007,India,Member State,1000000,0,1000000
2007,Norway,Member State,55066049.29,0,55066049.29
2007,Peru,Member State,5000,0,5000
2007,Switzerland,Member State,8194982.25,0,8194982.25
2007,Andorra,Member State,29735.2,0,29735.2
2007,Djibouti,Member State,2000,0,2000
2007,Brunei Darussalam,Member State,50000,0,50000
2007,Croatia,Member State,20000,0,20000
2007,Denmark,Member State,8742383.64,0,8742383.64
2007,Ireland,Member State,26273974,0,26273974
2007,Philippines,Member State,5000,0,5000
2007,Romania,Member State,359625,0,359625
2007,Turkey,Member State,300000,0,300000
2007,United Kingdom,Member State,83726040,0,83726040
2007,Egypt,Member State,15000,0,15000
2007,France,Member State,1312100,0,1312100
2007,Malaysia,Member State,100000,0,100000
2007,Thailand,Member State,10000,0,10000
2007,Trinidad and Tobago,Member State,20000,0,20000
2007,Colombia,Member State,20000,0,20000
2007,Antigua and Barbuda,Member State,5000,0,5000
2007,Armenia,Member State,5000,0,5000
2007,Azerbaijan,Member State,20000,0,20000
2007,Finland,Member State,6726000,0,6726000
2007,Liechtenstein,Member State,123243.78,0,123243.78
2007,Netherlands,Member State,53400000,0,53400000
2007,Pakistan,Member State,20000,0,20000
2007,Portugal,Member State,268540,0,268540
2007,South Africa,Member State,240000,0,240000
2007,Sri Lanka,Member State,10000,0,10000
2007,Jamaica,Member State,5000,0,5000
2007,Austria,Member State,401430,0,401430
2007,Hungary,Member State,10000,0,10000
2007,Italy,Member State,1290100,0,1290100
2007,Saudi Arabia,Member State,50000,0,50000
2007,Sweden,Member State,14226999.46,0,14226999.46
2007,Brazil,Member State,30000,0,30000
2007,Estonia,Member State,39739,0,39739
2007,Iceland,Member State,558618.16,0,558618.16
2007,Slovenia,Member State,50000,0,50000
2007,Lebanon,Member State,3000,0,3000
2007,China,Member State,500000,0,500000
2007,Czech Republic,Member State,121353.33,0,121353.33
2007,Disaster Resource Network,Private Contributions,9978,0,9978
2007,New Zealand,Member State,762700,0,762700
2007,Monaco,Member State,35000,0,35000
2007,Luxembourg,Member State,5610800,0,5610800
2007,Mexico,Member State,50000,0,50000
2007,Spain,Member State,20692484,0,20692484
2007,Belgium,Member State,2988913.9,0,2988913.9
2007,Canada,Member State,35116374.03,0,35116374.03
2007,Hyogo Prefecture (Japan),Regional/ Local Authorities,435578.01,0,435578.01
2007,Jan Egeland,Private Contributions,17240.19,0,17240.19
2007,Korea,Member State,1500000,0,1500000
2007,"Private donations through UN Foundation (under $10,000)",Private Contributions,117959,0,117959
2007,Ecuador,Member State,20000,0,20000
2007,Malta,Member State,10000,0,10000
2007,Chile,Member State,30000,0,30000
2007,Italy,Member State,1380300.23,0,1380300.23
2007,Algeria,Member State,10000,0,10000
2007,Cyprus,Member State,30000,0,30000
2007,El Salvador,Member State,2000,0,2000
2007,Germany,Member State,6597500,0,6597500
2007,Israel,Member State,30000,0,30000
2007,Maldives,Member State,1000,0,1000
2007,Morocco,Member State,5000,0,5000
2007,Sweden,Member State,36818498.37,0,36818498.37
2007,Australia,Member State,8760000,0,8760000
2007,Bahamas,Member State,50000,0,50000
2007,Humanity First USA,Private Contributions,10000,0,10000
2007,Indonesia,Member State,100000,0,100000
2007,Kazakhstan,Member State,10000,0,10000
2007,Poland,Member State,510000,0,510000
2007,"Private donations outside UN Foundation (under $10,000)",Private Contributions,8107.05,0,8107.05
2008,Disaster Resource Network,Private Contributions,5000,0,5000
2008,Ecuador,Member State,20000,0,20000
2008,Israel,Member State,15000,0,15000
2008,Kuwait,Member State,50000,0,50000
2008,Latvia,Member State,20000,0,20000
2008,Norway,Member State,55258765.36,0,55258765.36
2008,Sweden,Member State,56264400.17,0,56264400.17
2008,Armenia,Member State,5000,0,5000
2008,Spain,Member State,14615984,0,14615984
2008,Antigua and Barbuda,Member State,5000,0,5000
2008,Bangladesh,Member State,5000,0,5000
2008,Bhutan,Member State,1480,0,1480
2008,Croatia,Member State,22000,0,22000
2008,Denmark,Member State,9931472.84,0,9931472.84
2008,Germany,Member State,14790000,0,14790000
2008,Iceland,Member State,611243.27,0,611243.27
2008,Lithuania,Member State,20844.62,0,20844.62
2008,Malaysia,Member State,100000,0,100000
2008,Thailand,Member State,20000,0,20000
2008,United Arab Emirates,Member State,50000,0,50000
2008,France,Member State,656546.38,0,656546.38
2008,Mongolia,Member State,10000,0,10000
2008,United Kingdom,Member State,80239000,0,80239000
2008,Botswana,Member State,5000,0,5000
2008,Estonia,Member State,91200,0,91200
2008,Saudi Arabia,Member State,100000,0,100000
2008,United States of America,Member State,5000000,0,5000000
2008,Argentina,Member State,30000,0,30000
2008,Brazil,Member State,50000,0,50000
2008,Croatia,Member State,12000,0,12000
2008,Italy,Member State,2935400,0,2935400
2008,Luxembourg,Member State,6190400,0,6190400
2008,Montenegro,Member State,2500,0,2500
2008,Netherlands,Member State,63900000,0,63900000
2008,North Macedonia,Member State,2000,0,2000
2008,Philippines,Member State,5000,0,5000
2008,Portugal,Member State,312400,0,312400
2008,Spain,Member State,30915984,0,30915984
2008,Trinidad and Tobago,Member State,20000,0,20000
2008,Guyana,Member State,4912.84,0,4912.84
2008,Albania,Member State,3000,0,3000
2008,Austria,Member State,440850,0,440850
2008,Canada,Member State,19276629.57,0,19276629.57
2008,Czech Republic,Member State,153874.56,0,153874.56
2008,"Private donations through UN Foundation (under $10,000)",Private Contributions,118201,0,118201
2008,South Africa,Member State,221538.45,0,221538.45
2008,Switzerland,Member State,3896719.92,0,3896719.92
2008,Western Union,Private Contributions,100000,0,100000
2008,Algeria,Member State,10000,0,10000
2008,Chile,Member State,100000,0,100000
2008,Australia,Member State,9517000,0,9517000
2008,Canada,Member State,19760893.19,0,19760893.19
2008,Egypt,Member State,15000,0,15000
2008,France,Member State,1566500,0,1566500
2008,Japan,Member State,1000000,0,1000000
2008,Mexico,Member State,100000,0,100000
2008,Pakistan,Member State,20000,0,20000
2008,SCOR,Private Contributions,200000,0,200000
2008,Switzerland,Member State,3345104.65,0,3345104.65
2008,China,Member State,500000,0,500000
2008,Humanity First USA,Private Contributions,2500,0,2500
2008,Morocco,Member State,5000,0,5000
2008,New Zealand,Member State,1000000,0,1000000
2008,Austria,Member State,589205,0,589205
2008,Ghana,Member State,5000,0,5000
2008,Peru,Member State,10000,0,10000
2008,Andorra,Member State,33494.9,0,33494.9
2008,Guatemala,Member State,10000,0,10000
2008,Belgium,Member State,2539594.3,0,2539594.3
2008,Poland,Member State,300000,0,300000
2008,PriceWaterhouseCoopers,Private Contributions,500000,0,500000
2008,Bosnia and Herzegovina,Member State,5000,0,5000
2008,Holy See (Vatican City State),Observer,5000,0,5000
2008,Indonesia,Member State,100000,0,100000
2008,Monaco,Member State,139313.48,0,139313.48
2008,Alexander Bodini Foundation,Private Contributions,10000,0,10000
2008,Bulgaria,Member State,10000,0,10000
2008,Finland,Member State,7791000,0,7791000
2008,Greece,Member State,300000,0,300000
2008,Hungary,Member State,20000,0,20000
2008,Ireland,Member State,33301074,0,33301074
2008,Kazakhstan,Member State,50000,0,50000
2008,Korea,Member State,2000000,0,2000000
2008,Liechtenstein,Member State,196136.12,0,196136.12
2008,Maldives,Member State,1000,0,1000
2008,Qatar,Member State,100000,0,100000
2008,San Marino,Member State,4412.74,0,4412.74
2008,Sri Lanka,Member State,10000,0,10000
2008,Syria,Member State,5000,0,5000
2008,Japan,Member State,1169083.18,0,1169083.18
2008,"Private donations outside UN Foundation (under $10,000)",Private Contributions,3514.92,0,3514.92
2008,Slovenia,Member State,50000,0,50000
2008,Tunisia,Member State,5000,0,5000
2008,Turkey,Member State,300000,0,300000
2009,Mozambique,Member State,2000,0,2000
2009,"Abu Dhabi National Energy Company ""TAQA""",Private Contributions,150000,0,150000
2009,Egypt,Member State,15000,0,15000
2009,Estonia,Member State,80845,0,80845
2009,Spain,Member State,44348982,0,44348982
2009,The Estate of George Gary,Private Contributions,10408.05,0,10408.05
2009,Ireland,Member State,8868452,0,8868452
2009,San Marino,Member State,30000,0,30000
2009,Trinidad and Tobago,Member State,20000,0,20000
2009,Pakistan,Member State,15000,0,15000
2009,Namibia,Member State,1000,0,1000
2009,Norway,Member State,42734982.73,0,42734982.73
2009,"Private donations through UN Foundation (under $10,000)",Private Contributions,56030,0,56030
2009,Saudi Arabia,Member State,150000,0,150000
2009,Sweden,Member State,49367572.36,0,49367572.36
2009,The Red Crescent of the UAE,Private Contributions,9981.5,0,9981.5
2009,Tuvalu,Member State,1000,0,1000
2009,Western Union,Private Contributions,100000,0,100000
2009,Iceland,Member State,200000,0,200000
2009,Kuwait,Member State,50000,0,50000
2009,Antigua and Barbuda,Member State,5000,0,5000
2009,Brazil,Member State,99985,0,99985
2009,Croatia,Member State,24000,0,24000
2009,Venezuela,Member State,5000,0,5000
2009,Canada,Member State,34566876.08,0,34566876.08
2009,Qatar,Member State,50000,0,50000
2009,HSBC Bank Middle East Limited,Private Contributions,100000,0,100000
2009,Chile,Member State,20000,0,20000
2009,China,Member State,500000,0,500000
2009,Myanmar,Member State,10000,0,10000
2009,Netherlands,Member State,55668000,0,55668000
2009,Kazakhstan,Member State,50000,0,50000
2009,Austria,Member State,424740,0,424740
2009,Ireland,Member State,15723146,0,15723146
2009,Kenya,Member State,9894.62,0,9894.62
2009,Malaysia,Member State,100000,0,100000
2009,Monaco,Member State,141692.25,0,141692.25
2009,Syria,Member State,5000,0,5000
2009,India,Member State,500000,0,500000
2009,Moldova,Member State,10000,0,10000
2009,Peru,Member State,10000,0,10000
2009,Slovakia,Member State,10000,0,10000
2009,South Africa,Member State,180000,0,180000
2009,Algeria,Member State,10000,0,10000
2009,Andorra,Member State,31744.8,0,31744.8
2009,Armenia,Member State,5000,0,5000
2009,Australia,Member State,7821600,0,7821600
2009,Belgium,Member State,7272904.92,0,7272904.92
2009,Denmark,Member State,8544087.49,0,8544087.49
2009,Holy See (Vatican City State),Observer,5000,0,5000
2009,Indonesia,Member State,125000,0,125000
2009,Israel,Member State,15000,0,15000
2009,Italy,Member State,1358868,0,1358868
2009,Japan,Member State,1000000,0,1000000
2009,Korea,Member State,3000000,0,3000000
2009,Liechtenstein,Member State,230840.26,0,230840.26
2009,Luxembourg,Member State,5696400,0,5696400
2009,Mexico,Member State,150000,0,150000
2009,Montenegro,Member State,5000,0,5000
2009,Philippines,Member State,10000,0,10000
2009,Portugal,Member State,263020,0,263020
2009,Sri Lanka,Member State,10000,0,10000
2009,Brazil,Member State,50000,0,50000
2009,Haiti,Member State,1480,0,1480
2009,Poland,Member State,300000,0,300000
2009,"Private donations outside UN Foundation (under $10,000)",Private Contributions,1400,0,1400
2009,Republic of Congo,Member State,2256.25,0,2256.25
2009,Afghanistan,Member State,1500,0,1500
2009,Albania,Member State,3500,0,3500
2009,Argentina,Member State,30000,0,30000
2009,Benin,Member State,1500,0,1500
2009,Bulgaria,Member State,14966.2,0,14966.2
2009,Czech Republic,Member State,143176.22,0,143176.22
2009,Finland,Member State,8198400,0,8198400
2009,Germany,Member State,19522484.38,0,19522484.38
2009,Ghana,Member State,10000,0,10000
2009,Greece,Member State,500000,0,500000
2009,Hungary,Member State,54088,0,54088
2009,Jamaica,Member State,5000,0,5000
2009,Lao PDR,Member State,3000,0,3000
2009,Morocco,Member State,5000,0,5000
2009,New Zealand,Member State,1000000,0,1000000
2009,Oman,Member State,30000,0,30000
2009,Samoa,Member State,2000,0,2000
2009,Slovenia,Member State,66588,0,66588
2009,Switzerland,Member State,4657370.02,0,4657370.02
2009,Timor-Leste,Member State,1200,0,1200
2009,Turkey,Member State,200000,0,200000
2009,United Kingdom,Member State,64262000,0,64262000
2009,Vietnam,Member State,10000,0,10000
2009,Alexander Bodini Foundation,Private Contributions,15000,0,15000
2009,Andorra,Member State,7241,0,7241
2009,Azerbaijan,Member State,10000,0,10000
2009,Baha'i International Community,Private Contributions,10000,0,10000
2009,Bhutan,Member State,1480,0,1480
2009,Colombia,Member State,40000,0,40000
2009,Ireland,Member State,2588012,0,2588012
2010,Austria,Member State,140400,0,140400
2010,Baha'i International Community,Private Contributions,10000,0,10000
2010,Bilkent Holding AS,Private Contributions,10000,0,10000
2010,Brazil,Member State,200000,0,200000
2010,Georgia,Member State,2000,0,2000
2010,Korea,Member State,3000000,0,3000000
2010,Latin American Benevolent Foundation,Private Contributions,25000,0,25000
2010,Norway,Member State,57107653.93,0,57107653.93
2010,"Private donations outside UN Foundation (under $10,000)",Private Contributions,89756.62,0,89756.62
2010,Trinidad and Tobago,Member State,20000,0,20000
2010,Denmark,Member State,1709518.6,0,1709518.6
2010,"Private donations through UN Foundation (under $10,000)",Private Contributions,399616,0,399616
2010,Mexico,Member State,150000,0,150000
2010,Daystar Christian Centre,Private Contributions,20000,0,20000
2010,Denmark,Member State,9425959.09,0,9425959.09
2010,Greece,Member State,500000,0,500000
2010,Israel,Member State,20000,0,20000
2010,Korean and Overseas Fans of Kim Hyun Joong,Private Contributions,19293,0,19293
2010,Latvia,Member State,20672.55,0,20672.55
2010,North Macedonia,Member State,5000,0,5000
2010,Skanska USA Building Inc.,Private Contributions,50000,0,50000
2010,South Africa,Member State,263540,0,263540
2010,Andorra,Member State,9945,0,9945
2010,Vietnam,Member State,10000,0,10000
2010,"Abu Dhabi National Energy Company ""TAQA""",Private Contributions,272257.01,0,272257.01
2010,Bhutan,Member State,1500,0,1500
2010,Central African Republic,Member State,197238.66,0,197238.66
2010,ENDESA Peru,Private Contributions,12947.9,0,12947.9
2010,Jefferies and Company,Private Contributions,1000000,0,1000000
2010,Moldova,Member State,10000,0,10000
2010,Myanmar,Member State,10000,0,10000
2010,Netherlands,Member State,54984000,0,54984000
2010,PriceWaterhouseCoopers,Private Contributions,100000,0,100000
2010,"Private donations through UN Foundation (under $10,000)",Private Contributions,550000,0,550000
2010,Ukraine,Member State,503310.34,0,503310.34
2010,United Arab Emirates,Member State,50000,0,50000
2010,United Kingdom,Member State,60005700,0,60005700
2010,Austria,Member State,408000,0,408000
2010,HSBC Bank Middle East Limited,Private Contributions,16825.35,0,16825.35
2010,Japan,Member State,2000000,0,2000000
2010,Philippines,Member State,10000,0,10000
2010,PriceWaterhouseCoopers,Private Contributions,100000,0,100000
2010,"Private donations through UN Foundation (under $10,000)",Private Contributions,150000,0,150000
2010,Canada,Member State,19040365.58,0,19040365.58
2010,Chile,Member State,30000,0,30000
2010,Romania,Member State,65900,0,65900
2010,Tajikistan,Member State,2000,0,2000
2010,Western Union,Private Contributions,50000,0,50000
2010,Canada,Member State,18288084.46,0,18288084.46
2010,"Chung Te Buddhist Association of New York, Inc.",Private Contributions,41771.22,0,41771.22
2010,Colombia,Member State,30000,0,30000
2010,ENDESA Spain,Private Contributions,55192.79,0,55192.79
2010,Ireland,Member State,5099972,0,5099972
2010,Madagascar,Member State,2000,0,2000
2010,Panama,Member State,5000,0,5000
2010,"Private donations through UN Foundation (under $10,000)",Private Contributions,73268,0,73268
2010,UN Foundation core fund,Private Contributions,250000,0,250000
2010,UN Spouses Bazaar,Private Contributions,35113.43,0,35113.43
2010,Western Union,Private Contributions,100000,0,100000
2010,Kuwait,Member State,34600,0,34600
2010,Namibia,Member State,2000,0,2000
2010,Pakistan,Member State,19170.67,0,19170.67
2010,World Mission Society Church of God,Private Contributions,100000,0,100000
2010,Argentina,Member State,50000,0,50000
2010,Baha'i International Community,Private Contributions,10000,0,10000
2010,China,Member State,1500000,0,1500000
2010,Croatia,Member State,25000,0,25000
2010,Estonia,Member State,74057,0,74057
2010,Iceland,Member State,100000,0,100000
2010,Poland,Member State,250000,0,250000
2010,Syria,Member State,5000,0,5000
2010,Mozambique,Member State,4000,0,4000
2010,United States of America,Member State,10000000,0,10000000
2010,France,Member State,657250,0,657250
2010,Kazakhstan,Member State,50000,0,50000
2010,Saint Lucia,Member State,1000,0,1000
2010,United Islamic Center,Private Contributions,20000,0,20000
2010,Andorra,Member State,36582,0,36582
2010,Antigua and Barbuda,Member State,5000,0,5000
2010,Egypt,Member State,15000,0,15000
2010,Holy See (Vatican City State),Observer,5000,0,5000
2010,Monaco,Member State,134778.33,0,134778.33
2010,New Zealand,Member State,1000000,0,1000000
2010,Portugal,Member State,286000,0,286000
2010,Romania,Member State,71000,0,71000
2010,Singapore,Member State,30000,0,30000
2010,Sovereign Military Order of Malta,Observer,5000,0,5000
2010,BASF (Germany and South East Asia),Private Contributions,330011.82,0,330011.82
2010,Cyprus,Member State,30000,0,30000
2010,GMC Services,Private Contributions,20000,0,20000
2010,Montenegro,Member State,5000,0,5000
2010,Afghanistan,Member State,1500,0,1500
2010,Alexander Bodini Foundation,Private Contributions,20000,0,20000
2010,Algeria,Member State,10000,0,10000
2010,Australia,Member State,10986000,0,10986000
2010,Bangladesh,Member State,5000,0,5000
2010,Belgium,Member State,7734594.2,0,7734594.2
2010,Finland,Member State,8079000,0,8079000
2010,Germany,Member State,21735000,0,21735000
2010,India,Member State,500000,0,500000
2010,Indonesia,Member State,150000,0,150000
2010,Italy,Member State,1502270,0,1502270
2010,Lebanon,Member State,3000,0,3000
2010,Liechtenstein,Member State,235072.87,0,235072.87
2010,Luxembourg,Member State,5775000,0,5775000
2010,Morocco,Member State,5000,0,5000
2010,Russian Federation,Member State,2000000,0,2000000
2010,Slovenia,Member State,13617,0,13617
2010,Spain,Member State,39585000,0,39585000
2010,Sri Lanka,Member State,10000,0,10000
2010,Switzerland,Member State,4568942.57,0,4568942.57
2010,Turkey,Member State,200000,0,200000
2010,BASF (Germany and South East Asia),Private Contributions,431019.69,0,431019.69
2010,Belgium,Member State,652944.12,0,652944.12
2010,Costa Rica,Member State,9642.91,0,9642.91
2010,Djibouti,Member State,4000,0,4000
2010,Norway,Member State,8375880.88,0,8375880.88
2010,San Marino,Member State,100000,0,100000
2010,Sweden,Member State,64369547.93,0,64369547.93
2010,Armenia,Member State,5000,0,5000
2011,Netherlands,Member State,54460000,0,54460000
2011,"Private donations outside UN Foundation (under $10,000)",Private Contributions,7850.48,0,7850.48
2011,Argentina,Member State,58394,0,58394
2011,"Private donations through UN Foundation (under $10,000)",Private Contributions,117011,0,117011
2011,Western Union,Private Contributions,100000,0,100000
2011,Canada,Member State,9758123.12,0,9758123.12
2011,"Private donations through UN Foundation (under $10,000)",Private Contributions,28919,0,28919
2011,United Arab Emirates,Member State,50000,0,50000
2011,Afghanistan,Member State,500,0,500
2011,Albania,Member State,4000,0,4000
2011,Algeria,Member State,10000,0,10000
2011,Andorra,Member State,28128,0,28128
2011,Armenia,Member State,5000,0,5000
2011,Australia,Member State,13906200,0,13906200
2011,Austria,Member State,289180,0,289180
2011,Azerbaijan,Member State,10000,0,10000
2011,Bangladesh,Member State,10000,0,10000
2011,Belgian Government of Flanders,Regional/ Local Authorities,421080,0,421080
2011,Belgium,Member State,17716150,0,17716150
2011,Bhutan,Member State,1500,0,1500
2011,Brazil,Member State,500000,0,500000
2011,Brunei Darussalam,Member State,50000,0,50000
2011,Canada,Member State,31430068.1,0,31430068.1
2011,Chile,Member State,30000,0,30000
2011,China,Member State,500000,0,500000
2011,Colombia,Member State,10000,0,10000
2011,Cyprus,Member State,27600,0,27600
2011,Czech Republic,Member State,434463.98,0,434463.98
2011,Côte d'Ivoire,Member State,5000,0,5000
2011,Denmark,Member State,9182230.55,0,9182230.55
2011,Ecuador,Member State,5000,0,5000
2011,Estonia,Member State,92302,0,92302
2011,Finland,Member State,9411350,0,9411350
2011,France,Member State,720950,0,720950
2011,Germany,Member State,16370000,0,16370000
2011,Greece,Member State,500000,0,500000
2011,Guyana,Member State,2190.71,0,2190.71
2011,Holy See (Vatican City State),Observer,5000,0,5000
2011,Hungary,Member State,60000,0,60000
2011,India,Member State,500000,0,500000
2011,Indonesia,Member State,175000,0,175000
2011,Ireland,Member State,5466772,0,5466772
2011,Israel,Member State,20000,0,20000
2011,Italy,Member State,1308100,0,1308100
2011,Japan,Member State,3000000,0,3000000
2011,Kazakhstan,Member State,49964,0,49964
2011,Kimse Yok Mu Association,Private Contributions,10000,0,10000
2011,Korea,Member State,3000000,0,3000000
2011,Kuwait,Member State,675000,0,675000
2011,Lao PDR,Member State,3000,0,3000
2011,Liechtenstein,Member State,281531.53,0,281531.53
2011,Luxembourg,Member State,5982905.98,0,5982905.98
2011,Malaysia,Member State,100000,0,100000
2011,Maldives,Member State,1000,0,1000
2011,Mexico,Member State,300000,0,300000
2011,Moldova,Member State,1000,0,1000
2011,Monaco,Member State,140116.25,0,140116.25
2011,Montenegro,Member State,5000,0,5000
2011,Morocco,Member State,5000,0,5000
2011,Myanmar,Member State,10000,0,10000
2011,Namibia,Member State,2000,0,2000
2011,New Zealand,Member State,1478974.5,0,1478974.5
2011,Nigeria,Member State,99851.64,0,99851.64
2011,Norway,Member State,67966752.09,0,67966752.09
2011,Philippines,Member State,10000,0,10000
2011,Poland,Member State,326051,0,326051
2011,Portugal,Member State,267180,0,267180
2011,Qatar,Member State,4000000,0,4000000
2011,Romania,Member State,70900,0,70900
2011,Russian Federation,Member State,2000000,0,2000000
2011,Saint Lucia,Member State,500,0,500
2011,San Marino,Member State,50000,0,50000
2011,Serbia,Member State,2000,0,2000
2011,Singapore,Member State,50000,0,50000
2011,Slovenia,Member State,70990,0,70990
2011,South Africa,Member State,272479.56,0,272479.56
2011,Sovereign Military Order of Malta,Observer,5000,0,5000
2011,Spain,Member State,20091000,0,20091000
2011,Sri Lanka,Member State,10000,0,10000
2011,Sweden,Member State,74483670.84,0,74483670.84
2011,Switzerland,Member State,6071999.78,0,6071999.78
2011,Turkey,Member State,250000,0,250000
2011,United Kingdom,Member State,94280000,0,94280000
2011,United States of America,Member State,6000000,0,6000000
2011,Vietnam,Member State,10000,0,10000
2012,Moldova,Member State,2000,0,2000
2012,Albania,Member State,50000,0,50000
2012,India,Member State,500000,0,500000
2012,France,Member State,392670,0,392670
2012,Ghana,Member State,15000,0,15000
2012,"Private donations outside UN Foundation (under $10,000)",Private Contributions,5000,0,5000
2012,Andorra,Member State,26316,0,26316
2012,Baha'i International Community,Private Contributions,20000,0,20000
2012,"Private donations through UN Foundation (under $10,000)",Private Contributions,36586.44,0,36586.44
2012,Argentina,Member State,68000,0,68000
2012,Afghanistan,Member State,1000,0,1000
2012,Australia,Member State,16272000,0,16272000
2012,Austria,Member State,262080,0,262080
2012,Belgian Government of Flanders,Regional/ Local Authorities,380940,0,380940
2012,Belgium,Member State,19633125,0,19633125
2012,Bhutan,Member State,1500,0,1500
2012,Brazil,Member State,750000,0,750000
2012,Chile,Member State,30000,0,30000
2012,China,Member State,500000,0,500000
2012,Colombia,Member State,100000,0,100000
2012,Czech Republic,Member State,124371.92,0,124371.92
2012,Denmark,Member State,23008540.85,0,23008540.85
2012,Egypt,Member State,15000,0,15000
2012,Estonia,Member State,100185,0,100185
2012,Finland,Member State,8517600,0,8517600
2012,Germany,Member State,19402500,0,19402500
2012,Guyana,Member State,2196.08,0,2196.08
2012,Iceland,Member State,50000,0,50000
2012,Indonesia,Member State,200000,0,200000
2012,Ireland,Member State,5160772,0,5160772
2012,Israel,Member State,20000,0,20000
2012,Italy,Member State,645900,0,645900
2012,Japan,Member State,2700000,0,2700000
2012,Kazakhstan,Member State,99945,0,99945
2012,Korea,Member State,4000000,0,4000000
2012,Kuwait,Member State,1000000,0,1000000
2012,Liechtenstein,Member State,272747.11,0,272747.11
2012,Lithuania,Member State,10000,0,10000
2012,Luxembourg,Member State,5577689.24,0,5577689.24
2012,Malaysia,Member State,50000,0,50000
2012,Mexico,Member State,300000,0,300000
2012,Monaco,Member State,64714.5,0,64714.5
2012,Montenegro,Member State,5000,0,5000
2012,Mozambique,Member State,2000,0,2000
2012,Myanmar,Member State,10000,0,10000
2012,Netherlands,Member State,52484000,0,52484000
2012,New Zealand,Member State,1679374.5,0,1679374.5
2012,Norway,Member State,73945027.09,0,73945027.09
2012,Pakistan,Member State,10000,0,10000
2012,Peru,Member State,5000,0,5000
2012,Poland,Member State,264200,0,264200
2012,Portugal,Member State,253520,0,253520
2012,Qatar,Member State,3000000,0,3000000
2012,Romania,Member State,92461.32,0,92461.32
2012,Russian Federation,Member State,2000000,0,2000000
2012,San Marino,Member State,27291.42,0,27291.42
2012,Singapore,Member State,50000,0,50000
2012,South Africa,Member State,243457.09,0,243457.09
2012,Sovereign Military Order of Malta,Observer,5000,0,5000
2012,Spain,Member State,2608200,0,2608200
2012,Sri Lanka,Member State,10000,0,10000
2012,Sweden,Member State,72132872.65,0,72132872.65
2012,Switzerland,Member State,5951684.41,0,5951684.41
2012,Tajikistan,Member State,2000,0,2000
2012,Thailand,Member State,20000,0,20000
2012,Turkey,Member State,200000,0,200000
2012,United Arab Emirates,Member State,50000,0,50000
2012,United Kingdom,Member State,95148000,0,95148000
2012,United States of America,Member State,5000000,0,5000000
2012,Uruguay,Member State,5000,0,5000
2012,Vietnam,Member State,10000,0,10000
2012,Western Union,Private Contributions,150000,0,150000
2012,Armenia,Member State,5000,0,5000
2013,"Private donations through UN Foundation (under $10,000)",Private Contributions,15786.67,0,15786.67
2013,Western Union,Private Contributions,50000,0,50000
2013,"Private donations outside UN Foundation (under $10,000)",Private Contributions,881.25,0,881.25
2013,Qatar,Member State,3000000,0,3000000
2013,United Kingdom,Member State,78662500,0,78662500
2013,Azerbaijan,Member State,19820,0,19820
2013,Mexico,Member State,350000,0,350000
2013,Andorra,Member State,19645.5,0,19645.5
2013,Vietnam,Member State,10000,0,10000
2013,Ireland,Member State,6469472,0,6469472
2013,Baha'i International Community,Private Contributions,5000,0,5000
2013,Afghanistan,Member State,1000,0,1000
2013,Argentina,Member State,70000,0,70000
2013,Armenia,Member State,5000,0,5000
2013,Australia,Member State,18566600,0,18566600
2013,Austria,Member State,271600,0,271600
2013,Azerbaijan,Member State,20000,0,20000
2013,Belgian Government of Flanders,Regional/ Local Authorities,401430,0,401430
2013,Belgium,Member State,19053650,0,19053650
2013,Bhutan,Member State,1500,0,1500
2013,Brazil,Member State,1000000,0,1000000
2013,Canada,Member State,28809407.15,0,28809407.15
2013,Chile,Member State,30000,0,30000
2013,China,Member State,500000,0,500000
2013,Colombia,Member State,100000,0,100000
2013,Denmark,Member State,24065367.72,0,24065367.72
2013,Estonia,Member State,102864,0,102864
2013,Finland,Member State,9111900,0,9111900
2013,France,Member State,393300,0,393300
2013,Germany,Member State,20313000,0,20313000
2013,Greece,Member State,50000,0,50000
2013,Guyana,Member State,2184.47,0,2184.47
2013,Hungary,Member State,20098,0,20098
2013,Iceland,Member State,130000,0,130000
2013,India,Member State,500000,0,500000
2013,Indonesia,Member State,200000,0,200000
2013,Ireland,Member State,6539972,0,6539972
2013,Italy,Member State,653350,0,653350
2013,Japan,Member State,2987013,0,2987013
2013,Korea,Member State,4000000,0,4000000
2013,Kuwait,Member State,500000,0,500000
2013,Latvia,Member State,41027.13,0,41027.13
2013,Liechtenstein,Member State,272242.19,0,272242.19
2013,Luxembourg,Member State,5747126.44,0,5747126.44
2013,Monaco,Member State,64990,0,64990
2013,Mongolia,Member State,10000,0,10000
2013,Montenegro,Member State,3000,0,3000
2013,Morocco,Member State,5000,0,5000
2013,Mozambique,Member State,2000,0,2000
2013,Myanmar,Member State,10000,0,10000
2013,Netherlands,Member State,52124000,0,52124000
2013,New Zealand,Member State,1670425.12,0,1670425.12
2013,Norway,Member State,68265452.93,0,68265452.93
2013,Pakistan,Member State,10000,0,10000
2013,Peru,Member State,25000,0,25000
2013,Poland,Member State,248162,0,248162
2013,Portugal,Member State,67655,0,67655
2013,Romania,Member State,34347.65,0,34347.65
2013,Russian Federation,Member State,1000000,0,1000000
2013,Saudi Arabia,Member State,450000,0,450000
2013,Serbia,Member State,7000,0,7000
2013,Singapore,Member State,50000,0,50000
2013,Slovenia,Member State,68725.8,0,68725.8
2013,South Africa,Member State,274468.9,0,274468.9
2013,Sovereign Military Order of Malta,Observer,5000,0,5000
2013,Spain,Member State,6617500,0,6617500
2013,Sri Lanka,Member State,10000,0,10000
2013,Sweden,Member State,71687729.13,0,71687729.13
2013,Switzerland,Member State,7549267.63,0,7549267.63
2013,Thailand,Member State,20000,0,20000
2013,Turkey,Member State,250000,0,250000
2013,United Arab Emirates,Member State,70000,0,70000
2013,United Kingdom,Member State,32568000,0,32568000
2013,United States of America,Member State,4000000,0,4000000
2013,Uruguay,Member State,5000,0,5000
2013,Baha'i International Community,Private Contributions,5000,0,5000
2014,Lenovo Next Generation Hope Fund,Private Contributions,25000,0,25000
2014,"Private donations outside UN Foundation (under $10,000)",Private Contributions,300,0,300
2014,UN Spouses Bazaar,Private Contributions,59967,0,59967
2014,Chih-Kun Chan,Private Contributions,10000,0,10000
2014,Peru,Member State,4674.22,0,4674.22
2014,"Private donations through UN Foundation (under $10,000)",Private Contributions,119660.94,0,119660.94
2014,State of South Australia,Regional/ Local Authorities,308144.18,0,308144.18
2014,Andorra,Member State,20537.85,0,20537.85
2014,Argentina,Member State,57683.8,0,57683.8
2014,Armenia,Member State,5000,0,5000
2014,Australia,Member State,14580884,0,14580884
2014,Belgian Government of Flanders,Regional/ Local Authorities,410100,0,410100
2014,Belgium,Member State,17588690,0,17588690
2014,Brazil,Member State,1200000,0,1200000
2014,Canada,Member State,26719985.46,0,26719985.46
2014,Chile,Member State,30000,0,30000
2014,China,Member State,500000,0,500000
2014,Czech Republic,Member State,116212.91,0,116212.91
2014,Denmark,Member State,25993457.95,0,25993457.95
2014,Estonia,Member State,135580,0,135580
2014,Finland,Member State,9705500,0,9705500
2014,Germany,Member State,29819224,0,29819224
2014,Guyana,Member State,2179.18,0,2179.18
2014,Hungary,Member State,48046.57,0,48046.57
2014,Iceland,Member State,100000,0,100000
2014,India,Member State,500000,0,500000
2014,Indonesia,Member State,200000,0,200000
2014,Ireland,Member State,12183300,0,12183300
2014,Italy,Member State,1161383.85,0,1161383.85
2014,Japan,Member State,1590814,0,1590814
2014,Kazakhstan,Member State,10000,0,10000
2014,Korea,Member State,4000000,0,4000000
2014,Kuwait,Member State,500000,0,500000
2014,Liechtenstein,Member State,278117.7,0,278117.7
2014,Luxembourg,Member State,5082592.12,0,5082592.12
2014,Mali,Member State,100000,0,100000
2014,Mexico,Member State,500000,0,500000
2014,Monaco,Member State,67920.38,0,67920.38
2014,Mongolia,Member State,10000,0,10000
2014,Myanmar,Member State,10000,0,10000
2014,Netherlands,Member State,54956000,0,54956000
2014,New Zealand,Member State,2563200,0,2563200
2014,Norway,Member State,66113108.55,0,66113108.55
2014,Pakistan,Member State,10000,0,10000
2014,Poland,Member State,212850,0,212850
2014,Portugal,Member State,67655,0,67655
2014,Romania,Member State,53000,0,53000
2014,Russian Federation,Member State,1500000,0,1500000
2014,San Marino,Member State,9969.6,0,9969.6
2014,Saudi Arabia,Member State,150000,0,150000
2014,Singapore,Member State,50000,0,50000
2014,South Africa,Member State,243641,0,243641
2014,Sovereign Military Order of Malta,Observer,5000,0,5000
2014,Spain,Member State,2490000,0,2490000
2014,Sweden,Member State,72656098.8,0,72656098.8
2014,Switzerland,Member State,7860763.15,0,7860763.15
2014,Thailand,Member State,20000,0,20000
2014,Trinidad and Tobago,Member State,20000,0,20000
2014,Turkey,Member State,449630,0,449630
2014,United Arab Emirates,Member State,100000,0,100000
2014,United Kingdom,Member State,113185500,0,113185500
2014,United States of America,Member State,4000000,0,4000000
2014,Vietnam,Member State,10000,0,10000
2015,Poland,Member State,204823,0,204823
2015,Andorra,Member State,11477.73,0,11477.73
2015,Philippines,Member State,10000,0,10000
2015,Japan,Member State,1402809,0,1402809
2015,Bonne L. Domroe,Private Contributions,40,0,40
2015,Coloplast,Private Contributions,15000,0,15000
2015,Nigerian Economic Summit Group LTD,Private Contributions,1000,0,1000
2015,United States of America,Member State,3000000,0,3000000
2015,"ZIV Aplicaciones y Tecnología, S.L.",Private Contributions,2438.35,0,2438.35
2015,China,Member State,500000,0,500000
2015,Iceland,Member State,100000,0,100000
2015,KK Wind Solutions,Private Contributions,1506.32,0,1506.32
2015,Peru,Member State,4166.66,0,4166.66
2015,CIGNA,Private Contributions,50000,0,50000
2015,Korea,Member State,500000,0,500000
2015,Andorra,Member State,32661.6,0,32661.6
2015,Stephanie Loose,Private Contributions,500.9,0,500.9
2015,International Maritime Orgnization (IMO),Regional/ Local Authorities,17692.49,0,17692.49
2015,"Private donations through UN Foundation (under $10,000)",Private Contributions,24471.06,0,24471.06
2015,Trinidad and Tobago,Member State,20000,0,20000
2015,Colombia,Member State,35000,0,35000
2015,Serbia,Member State,5000,0,5000
2015,Sweden,Member State,2865625.11,0,2865625.11
2015,United Kingdom,Member State,45978000,0,45978000
2015,Germany,Member State,21795200.73,0,21795200.73
2015,Guyana,Member State,2179.18,0,2179.18
2015,Armenia,Member State,5000,0,5000
2015,Australia,Member State,9223031.43,0,9223031.43
2015,Belgian Government of Flanders,Regional/ Local Authorities,345690,0,345690
2015,Belgium,Member State,10969000,0,10969000
2015,Canada,Member State,24418604.65,0,24418604.65
2015,Chile,Member State,30000,0,30000
2015,Colombia,Member State,200000,0,200000
2015,Côte d'Ivoire,Member State,10000,0,10000
2015,Denmark,Member State,14556040.76,0,14556040.76
2015,Estonia,Member State,125100,0,125100
2015,Finland,Member State,7770000,0,7770000
2015,Germany,Member State,21459980,0,21459980
2015,India,Member State,500000,0,500000
2015,Indonesia,Member State,200000,0,200000
2015,Ireland,Member State,12212000,0,12212000
2015,Italy,Member State,1104500,0,1104500
2015,Korea,Member State,4000000,0,4000000
2015,Kuwait,Member State,1000000,0,1000000
2015,Liechtenstein,Member State,271768.67,0,271768.67
2015,Lithuania,Member State,21655.46,0,21655.46
2015,Luxembourg,Member State,4277200,0,4277200
2015,Malaysia,Member State,50000,0,50000
2015,Mexico,Member State,250000,0,250000
2015,Monaco,Member State,52303.5,0,52303.5
2015,Myanmar,Member State,10000,0,10000
2015,Netherlands,Member State,59169000,0,59169000
2015,New Zealand,Member State,2337600,0,2337600
2015,Norway,Member State,47614274.26,0,47614274.26
2015,Pakistan,Member State,10000,0,10000
2015,Portugal,Member State,59034.05,0,59034.05
2015,Russian Federation,Member State,1500000,0,1500000
2015,Saudi Arabia,Member State,150000,0,150000
2015,Singapore,Member State,50000,0,50000
2015,South Africa,Member State,172562.55,0,172562.55
2015,Sovereign Military Order of Malta,Observer,5000,0,5000
2015,Spain,Member State,2185792.35,0,2185792.35
2015,Sweden,Member State,49466091.96,0,49466091.96
2015,Switzerland,Member State,7309659.74,0,7309659.74
2015,Thailand,Member State,20000,0,20000
2015,Turkey,Member State,450000,0,450000
2015,United Arab Emirates,Member State,1000000,0,1000000
2015,United Kingdom,Member State,37222500,0,37222500
2015,Vietnam,Member State,10000,0,10000
2015,Cyprus,Member State,13780,0,13780
2015,Norway,Member State,1369237.79,0,1369237.79
2015,"Private donations through UN Foundation (under $10,000)",Private Contributions,75284.52,0,75284.52
2015,San Marino,Member State,2266,0,2266
2015,Switzerland,Member State,3045066.99,0,3045066.99
2016,Korea,Member State,4000000,0,4000000
2016,Thailand,Member State,20000,0,20000
2016,Iceland,Member State,100000,0,100000
2016,Switzerland,Member State,7203581.04,0,7203581.04
2016,Montenegro,Member State,2000,0,2000
2016,Russian Federation,Member State,1500000,0,1500000
2016,Iraq,Member State,5000,0,5000
2016,Vietnam,Member State,10000,0,10000
2016,Canada,Member State,22624086.19,0,22624086.19
2016,Germany,Member State,11291000,0,11291000
2016,Guyana,Member State,2179.18,0,2179.18
2016,Japan,Member State,1285908,0,1285908
2016,Pakistan,Member State,10000,0,10000
2016,Italy,Member State,2239600,0,2239600
2016,Kazakhstan,Member State,10000,0,10000
2016,United Kingdom,Member State,36091000,0,36091000
2016,United States of America,Member State,3000000,0,3000000
2016,Andorra,Member State,16633.5,0,16633.5
2016,Peru,Member State,3972.91,0,3972.91
2016,Spain,Member State,2245000,0,2245000
2016,Finland,Member State,7716100,0,7716100
2016,Armenia,Member State,5000,0,5000
2016,Iceland,Member State,200000,0,200000
2016,Turkey,Member State,200000,0,200000
2016,United Kingdom,Member State,33810837.5,0,33810837.5
2016,Kuwait,Member State,1000000,0,1000000
2016,Mongolia,Member State,10000,0,10000
2016,Singapore,Member State,50000,0,50000
2016,China,Member State,500000,0,500000
2016,South Africa,Member State,428878,0,428878
2016,Sweden,Member State,21645799.39,0,21645799.39
2016,Turkey,Member State,250000,0,250000
2016,New Zealand,Member State,2026200,0,2026200
2016,Belgium,Member State,11312000,0,11312000
2016,Netherlands,Member State,60522000,0,60522000
2016,Argentina,Member State,60000,0,60000
2016,Australia,Member State,7575664.8,0,7575664.8
2016,Bangladesh,Member State,5000,0,5000
2016,Belgian Government of Flanders,Regional/ Local Authorities,648960,0,648960
2016,Chile,Member State,30000,0,30000
2016,Denmark,Member State,15328254.57,0,15328254.57
2016,Estonia,Member State,109780,0,109780
2016,Germany,Member State,44604000,0,44604000
2016,India,Member State,500000,0,500000
2016,Indonesia,Member State,200000,0,200000
2016,Ireland,Member State,12749925,0,12749925
2016,Liechtenstein,Member State,204729.25,0,204729.25
2016,Luxembourg,Member State,4762350,0,4762350
2016,Monaco,Member State,57015.05,0,57015.05
2016,Myanmar,Member State,10000,0,10000
2016,Norway,Member State,43490701,0,43490701
2016,Portugal,Member State,54650,0,54650
2016,Saudi Arabia,Member State,150000,0,150000
2016,Sovereign Military Order of Malta,Observer,5000,0,5000
2016,Sweden,Member State,60432321.2,0,60432321.2
2016,United Arab Emirates,Member State,1000000,0,1000000
2016,Cyprus,Member State,13910,0,13910
2016,Ireland,Member State,1034000,0,1034000
2016,Norway,Member State,1002914.85,0,1002914.85
2016,Philippines,Member State,5000,0,5000
2016,"Private donations through UN Foundation (under $10,000)",Private Contributions,19631.9,0,19631.9
2016,Switzerland,Member State,971439.67,0,971439.67
2017,Japan,Member State,1402809,0,1402809
2017,Luxembourg,Member State,4872780,0,4872780
2017,Myanmar,Member State,10000,0,10000
2017,Portugal,Member State,52120,0,52120
2017,Iceland,Member State,198314.33,0,198314.33
2017,South Africa,Member State,487257,0,487257
2017,Belgium,Member State,13963750,0,13963750
2017,Germany,Member State,53585000,0,53585000
2017,Iceland,Member State,467400,0,467400
2017,Monaco,Member State,52428.45,0,52428.45
2017,Peru,Member State,4006.07,0,4006.07
2017,"Private donations outside UN Foundation (under $10,000)",Private Contributions,6854.53,0,6854.53
2017,United States of America,Member State,5000000,0,5000000
2017,Andorra,Member State,7155.32,0,7155.32
2017,Pakistan,Member State,10000,0,10000
2017,United Arab Emirates,Member State,1250000,0,1250000
2017,Chile,Member State,10000,0,10000
2017,"Private donations through UN Foundation (under $10,000)",Private Contributions,38131.66,0,38131.66
2017,Canada,Member State,21844119.18,0,21844119.18
2017,Bhutan,Member State,1500,0,1500
2017,Germany,Member State,11576000,0,11576000
2017,Ireland,Member State,10458000,0,10458000
2017,Netherlands,Member State,13549300,0,13549300
2017,Philippines,Member State,50000,0,50000
2017,Turkey,Member State,200000,0,200000
2017,Côte d'Ivoire,Member State,10000,0,10000
2017,Iceland,Member State,100000,0,100000
2017,"Private donations through UN Foundation (under $10,000)",Private Contributions,12956.54,0,12956.54
2017,Saudi Arabia,Member State,150000,0,150000
2017,Turkey,Member State,250000,0,250000
2017,United Kingdom,Member State,102619750,0,102619750
2017,China,Member State,500000,0,500000
2017,Estonia,Member State,106220,0,106220
2017,Indonesia,Member State,220000,0,220000
2017,Andorra,Member State,16711.2,0,16711.2
2017,Bulgaria,Member State,20000,0,20000
2017,Colombia,Member State,112500,0,112500
2017,Kazakhstan,Member State,50000,0,50000
2017,Spain,Member State,1193200,0,1193200
2017,Sweden,Member State,5904063.9,0,5904063.9
2017,Waterloo Foundation,Private Contributions,13192.61,0,13192.61
2017,Netherlands,Member State,57717000,0,57717000
2017,Australia,Member State,8226873.82,0,8226873.82
2017,Belgian Government of Flanders,Regional/ Local Authorities,625860,0,625860
2017,Chile,Member State,30000,0,30000
2017,Czech Republic,Member State,38170.85,0,38170.85
2017,Denmark,Member State,14233862.36,0,14233862.36
2017,Finland,Member State,7511000,0,7511000
2017,India,Member State,500000,0,500000
2017,Ireland,Member State,13442000,0,13442000
2017,Italy,Member State,2470400,0,2470400
2017,Korea,Member State,4000000,0,4000000
2017,Kuwait,Member State,1000000,0,1000000
2017,Liechtenstein,Member State,200541.46,0,200541.46
2017,Lithuania,Member State,21734,0,21734
2017,New Zealand,Member State,2176800,0,2176800
2017,Norway,Member State,44227188.08,0,44227188.08
2017,Portugal,Member State,51990,0,51990
2017,Qatar,Member State,1000000,0,1000000
2017,Russian Federation,Member State,1500000,0,1500000
2017,Singapore,Member State,50000,0,50000
2017,Sovereign Military Order of Malta,Observer,1000,0,1000
2017,Spain,Member State,2282400,0,2282400
2017,Sri Lanka,Member State,5000,0,5000
2017,Sweden,Member State,70074374.14,0,70074374.14
2017,Switzerland,Member State,5027138.65,0,5027138.65
2017,Thailand,Member State,20000,0,20000
2017,Vietnam,Member State,10000,0,10000
2017,Al Jisr Foundation,Private Contributions,250000,0,250000
2017,Armenia,Member State,5000,0,5000
2017,Cyprus,Member State,11662,0,11662
2017,Germany,Member State,17625000,0,17625000
2017,Norway,Member State,8839381.96,0,8839381.96
2017,San Marino,Member State,2487,0,2487
2017,Slovakia,Member State,60155,0,60155
2017,Switzerland,Member State,1014095.93,0,1014095.93
2018,Luxembourg,Member State,5874592.5,0,5874592.5
2018,Al Jisr Foundation,Private Contributions,250000,0,250000
2018,Japan,Member State,1360714,0,1360714
2018,World Mission Society Church of God,Private Contributions,100000,0,100000
2018,Saudi Arabia,Member State,150000,0,150000
2018,Belgium,Member State,14717500,0,14717500
2018,New Zealand,Member State,2194500,0,2194500
2018,Iceland,Member State,495785.82,0,495785.82
2018,Bangladesh,Member State,10000,0,10000
2018,Bhutan,Member State,1500,0,1500
2018,Philippines,Member State,50000,0,50000
2018,Monaco,Member State,123080,0,123080
2018,"Private donations through UN Foundation (under $10,000)",Private Contributions,25334.7,0,25334.7
2018,Australia,Member State,8643772.5,0,8643772.5
2018,Kazakhstan,Member State,50000,0,50000
2018,Canada,Member State,22762465.16,0,22762465.16
2018,"Private donations through UN Foundation (under $10,000)",Private Contributions,16189.19,0,16189.19
2018,China,Member State,500000,0,500000
2018,Qatar,Member State,1000000,0,1000000
2018,Andorra,Member State,17735.1,0,17735.1
2018,United Kingdom,Member State,114323552.5,0,114323552.5
2018,Bulgaria,Member State,20000,0,20000
2018,Catalan Agency for Development Cooperation,Regional/ Local Authorities,282800,0,282800
2018,Germany,Member State,58340000,0,58340000
2018,Norway,Member State,51182061.91,0,51182061.91
2018,Spain,Member State,1126100,0,1126100
2018,Armenia,Member State,5000,0,5000
2018,Côte d'Ivoire,Member State,10000,0,10000
2018,Germany,Member State,45560000,0,45560000
2018,Estonia,Member State,117840,0,117840
2018,Indonesia,Member State,220000,0,220000
2018,Kuwait,Member State,1000000,0,1000000
2018,Mongolia,Member State,10000,0,10000
2018,Portugal,Member State,118250,0,118250
2018,Singapore,Member State,50000,0,50000
2018,Thailand,Member State,20000,0,20000
2018,Germany,Member State,5660500,0,5660500
2018,Lithuania,Member State,22900,0,22900
2018,Algeria,Member State,10000,0,10000
2018,Azerbaijan,Member State,20000,0,20000
2018,Belgian Government of Flanders,Regional/ Local Authorities,707040,0,707040
2018,Chile,Member State,30000,0,30000
2018,Czech Republic,Member State,175173.69,0,175173.69
2018,Denmark,Member State,16421170.17,0,16421170.17
2018,Finland,Member State,8626800,0,8626800
2018,Guyana,Member State,2179.18,0,2179.18
2018,Iraq,Member State,10000,0,10000
2018,Ireland,Member State,14064800,0,14064800
2018,Italy,Member State,2949000,0,2949000
2018,Korea,Member State,4000000,0,4000000
2018,Liechtenstein,Member State,213538.33,0,213538.33
2018,Myanmar,Member State,10000,0,10000
2018,Netherlands,Member State,65472000,0,65472000
2018,Russian Federation,Member State,1500000,0,1500000
2018,Spain,Member State,2340000,0,2340000
2018,Sri Lanka,Member State,5000,0,5000
2018,Sweden,Member State,85127752.87,0,85127752.87
2018,Switzerland,Member State,5157297.58,0,5157297.58
2018,Turkey,Member State,400000,0,400000
2018,United Arab Emirates,Member State,1500000,0,1500000
2018,Denmark,Member State,5031484.9,0,5031484.9
2018,Norway,Member State,4101482.39,0,4101482.39
2018,Slovakia,Member State,34365,0,34365
2018,Switzerland,Member State,1006846.56,0,1006846.56
2019,Japan,Member State,680357,0,680357
2019,Late Barbara Cahill,Private Contributions,118234.85,0,118234.85
2019,Iceland,Member State,410576.45,0,410576.45
2019,Catalan Agency for Development Cooperation,Regional/ Local Authorities,324307,0,324307
2019,Guyana,Member State,2158.27,0,2158.27
2019,Italy,Member State,3962000,0,3962000
2019,Oman,Member State,50000,0,50000
2019,New Zealand,Member State,2014500,0,2014500
2019,"Private donations through UN Foundation (under $10,000)",Private Contributions,31660.81,0,31660.81
2019,Tunisia,Member State,5000,0,5000
2019,Australia,Member State,7841875.05,0,7841875.05
2019,Kazakhstan,Member State,10000,0,10000
2019,"Private donations through UN Foundation (under $10,000)",Private Contributions,34541.15,0,34541.15
2019,Canada,Member State,21652466.13,0,21652466.13
2019,Qatar,Member State,1000000,0,1000000
2019,Sweden,Member State,82302165.15,0,82302165.15
2019,Peru,Member State,2942.62,0,2942.62
2019,Pakistan,Member State,10000,0,10000
2019,Andorra,Member State,16942.95,0,16942.95
2019,Germany,Member State,38629500,0,38629500
2019,"Private donations through UN Foundation (under $10,000)",Private Contributions,228112.86,0,228112.86
2019,Norway,Member State,48704122.46,0,48704122.46
2019,Basque Agency for Development Cooperation,Regional/ Local Authorities,109554.11,0,109554.11
2019,"Private donations outside UN Foundation (under $10,000)",Private Contributions,237,0,237
2019,Germany,Member State,10992000,0,10992000
2019,Switzerland,Member State,2001601.28,0,2001601.28
2019,Bhutan,Member State,1500,0,1500
2019,Chile,Member State,30000,0,30000
2019,Germany,Member State,55800000,0,55800000
2019,Ireland,Member State,4522000,0,4522000
2019,Liechtenstein,Member State,198866.46,0,198866.46
2019,Monaco,Member State,113390,0,113390
2019,Mongolia,Member State,10000,0,10000
2019,Myanmar,Member State,10000,0,10000
2019,Netherlands,Member State,61055500,0,61055500
2019,Portugal,Member State,170220,0,170220
2019,Russian Federation,Member State,1500000,0,1500000
2019,Singapore,Member State,50000,0,50000
2019,Thailand,Member State,20000,0,20000
2019,Vietnam,Member State,10000,0,10000
2019,China,Member State,500000,0,500000
2019,Turkey,Member State,200000,0,200000
2019,Bangladesh,Member State,20000,0,20000
2019,Belgian Government of Flanders,Regional/ Local Authorities,684180,0,684180
2019,Belgium,Member State,19259300,0,19259300
2019,Czech Republic,Member State,221150.87,0,221150.87
2019,Denmark,Member State,22516099.01,0,22516099.01
2019,Estonia,Member State,113380,0,113380
2019,Finland,Member State,9038400,0,9038400
2019,Indonesia,Member State,220000,0,220000
2019,Iran,Member State,23873.19,0,23873.19
2019,Ireland,Member State,6757200,0,6757200
2019,Korea,Member State,5000000,0,5000000
2019,Kuwait,Member State,1000000,0,1000000
2019,Luxembourg,Member State,5561500,0,5561500
2019,Moldova,Member State,3000,0,3000
2019,Philippines,Member State,2500,0,2500
2019,Saudi Arabia,Member State,150000,0,150000
2019,Spain,Member State,3318584.07,0,3318584.07
2019,Sri Lanka,Member State,10000,0,10000
2019,Switzerland,Member State,4943642.48,0,4943642.48
2019,United Arab Emirates,Member State,5000000,0,5000000
2019,Armenia,Member State,5000,0,5000
2019,Azerbaijan,Member State,20000,0,20000
2019,Colombia,Member State,90000,0,90000
2019,Denmark,Member State,2916897.59,0,2916897.59
2019,Norway,Member State,4366114.91,0,4366114.91
2019,"Private donations through UN Foundation (under $10,000)",Private Contributions,44078.65,0,44078.65
2019,Turkey,Member State,200000,0,200000
2019,United Kingdom,Member State,394568100,0,394568100
2020,Vietnam,Member State,10000,0,10000
2020,Peru,Member State,2935.67,0,2935.67
2020,Poland,Member State,239693.19,0,239693.19
2020,South Africa,Member State,85304.82,0,85304.82
2020,New Zealand,Member State,1815600,0,1815600
2020,Baha'i International Community,Private Contributions,10000,0,10000
2020,Basque Agency for Development Cooperation,Regional/ Local Authorities,110367.5,0,110367.5
2020,Belgium,Member State,5605500,0,5605500
2020,Japan,Member State,263636,0,263636
2020,Netherlands,Member State,16246500,0,16246500
2020,Switzerland,Member State,8300477.28,0,8300477.28
2020,Australia,Member State,7518476.08,0,7518476.08
2020,Catalan Agency for Development Cooperation,Regional/ Local Authorities,324859.98,0,324859.98
2020,New Zealand,Member State,4490150,0,4490150
2020,Canada,Member State,21904336.16,0,21904336.16
2020,Qatar,Member State,1000000,0,1000000
2020,Sweden,Member State,80780377.28,0,80780377.28
2020,Belgian Government of Flanders,Regional/ Local Authorities,676440,0,676440
2020,China,Member State,500000,0,500000
2020,France,Member State,1137656.43,0,1137656.43
2020,Iran,Member State,10000,0,10000
2020,"Private donations through UN Foundation (under $10,000)",Private Contributions,37259.07,0,37259.07
2020,Switzerland,Member State,10787486.52,0,10787486.52
2020,Germany,Member State,58858000,0,58858000
2020,Netherlands,Member State,10612800,0,10612800
2020,Pakistan,Member State,10000,0,10000
2020,United Kingdom,Member State,12982000,0,12982000
2020,Norway,Member State,45835996.2,0,45835996.2
2020,Luxembourg,Member State,5400000,0,5400000
2020,Andorra,Member State,16806.72,0,16806.72
2020,"Private donations through UN Foundation (under $10,000)",Private Contributions,49394.18,0,49394.18
2020,Estonia,Member State,110720,0,110720
2020,Montenegro,Member State,3324.9,0,3324.9
2020,Morocco,Member State,50000,0,50000
2020,Netherlands,Member State,59119500,0,59119500
2020,Basque Agency for Development Cooperation,Regional/ Local Authorities,110367.5,0,110367.5
2020,Belgium,Member State,19374900,0,19374900
2020,Denmark,Member State,25544319.39,0,25544319.39
2020,Germany,Member State,54175000,0,54175000
2020,Indonesia,Member State,220000,0,220000
2020,Kuwait,Member State,1000000,0,1000000
2020,Liechtenstein,Member State,207792.21,0,207792.21
2020,Monaco,Member State,111890,0,111890
2020,Mongolia,Member State,10000,0,10000
2020,Philippines,Member State,50000,0,50000
2020,Russian Federation,Member State,1500000,0,1500000
2020,Singapore,Member State,50000,0,50000
2020,Switzerland,Member State,5147740.14,0,5147740.14
2020,Thailand,Member State,20000,0,20000
2020,Iceland,Member State,313577.92,0,313577.92
2020,Netherlands,Member State,9803200,0,9803200
2020,Slovenia,Member State,36954,0,36954
2020,Ireland,Member State,10680978,0,10680978
2020,Bangladesh,Member State,20000,0,20000
2020,Belgian Government of Flanders,Regional/ Local Authorities,668040,0,668040
2020,Bhutan,Member State,1500,0,1500
2020,Cambodia,Member State,20000,0,20000
2020,Cyprus,Member State,16650,0,16650
2020,Finland,Member State,8775200,0,8775200
2020,Iceland,Member State,409098.35,0,409098.35
2020,Italy,Member State,5895000,0,5895000
2020,Korea,Member State,5823817.29,0,5823817.29
2020,Myanmar,Member State,10000,0,10000
2020,Portugal,Member State,193462.5,0,193462.5
2020,Saudi Arabia,Member State,150000,0,150000
2020,Spain,Member State,3584229.39,0,3584229.39
2020,Sri Lanka,Member State,10000,0,10000
2020,Turkey,Member State,450000,0,450000
2020,Turkmenistan,Member State,100000,0,100000
2020,United Arab Emirates,Member State,5000000,0,5000000
2020,Andorra,Member State,24340,0,24340
2020,Armenia,Member State,5000,0,5000
2020,Austria,Member State,1210500,0,1210500
2020,Denmark,Member State,5712886.97,0,5712886.97
2020,Finland,Member State,6569603.91,0,6569603.91
2020,Germany,Member State,12198000,0,12198000
2020,Guyana,Member State,3000,0,3000
2020,New Zealand,Member State,1753750,0,1753750
2020,Norway,Member State,6569617.44,0,6569617.44
2020,United Kingdom,Member State,75616800,0,75616800
2021,Algeria,Member State,20000,0,20000
2021,Tunisia,Member State,5000,0,5000
2021,Peru,Member State,2703.53,0,2703.53
2021,Iceland,Member State,387807.34,0,387807.34
2021,New Zealand,Member State,2086200,0,2086200
2021,Baha'i International Community,Private Contributions,10000,0,10000
2021,Japan,Member State,129629,0,129629
2021,Kazakhstan,Member State,35000,0,35000
2021,"Private donations through UN Foundation (under $10,000)",Private Contributions,47868.04,0,47868.04
2021,Belgium,Member State,20587000,0,20587000
2021,Italy,Member State,5720500,0,5720500
2021,Qatar,Member State,1000000,0,1000000
2021,Sweden,Member State,65517728.3,0,65517728.3
2021,Australia,Member State,8515088.39,0,8515088.39
2021,Denmark,Member State,27167399.12,0,27167399.12
2021,France,Member State,3658536.59,0,3658536.59
2021,Germany,Member State,59375000,0,59375000
2021,"Private donations outside UN Foundation (under $10,000)",Private Contributions,100,0,100
2021,Netherlands,Member State,10451700,0,10451700
2021,Norway,Member State,49797829.46,0,49797829.46
2021,Portugal,Member State,148150,0,148150
2021,Canada,Member State,23424484.31,0,23424484.31
2021,Andorra,Member State,17753.25,0,17753.25
2021,Vietnam,Member State,10000,0,10000
2021,Netherlands,Member State,64735000,0,64735000
2021,Basque Agency for Development Cooperation,Regional/ Local Authorities,243800,0,243800
2021,Belgian Government of Flanders,Regional/ Local Authorities,712320,0,712320
2021,Bhutan,Member State,1500,0,1500
2021,Estonia,Member State,181995,0,181995
2021,Lao PDR,Member State,3000,0,3000
2021,Liechtenstein,Member State,224693.85,0,224693.85
2021,Maldives,Member State,5000,0,5000
2021,Mongolia,Member State,10000,0,10000
2021,Montenegro,Member State,3588,0,3588
2021,Russian Federation,Member State,1500000,0,1500000
2021,Singapore,Member State,50000,0,50000
2021,Sri Lanka,Member State,5000,0,5000
2021,Switzerland,Member State,5539552.4,0,5539552.4
2021,Thailand,Member State,20000,0,20000
2021,Turkmenistan,Member State,100000,0,100000
2021,China,Member State,450000,0,450000
2021,Germany,Member State,33948000,0,33948000
2021,"Private donations outside UN Foundation (under $10,000)",Private Contributions,20,0,20
2021,"Private donations through UN Foundation (under $10,000)",Private Contributions,78635.63,0,78635.63
2021,Guyana,Member State,2158.27,0,2158.27
2021,Ireland,Member State,12081979.92,0,12081979.92
2021,Bangladesh,Member State,25000,0,25000
2021,Brunei Darussalam,Member State,50000,0,50000
2021,Catalan Agency for Development Cooperation,Regional/ Local Authorities,339560.45,0,339560.45
2021,Czech Republic,Member State,230435.98,0,230435.98
2021,Germany,Member State,60055000,0,60055000
2021,Italy,Member State,6864600,0,6864600
2021,Korea,Member State,6000000,0,6000000
2021,Luxembourg,Member State,6021500,0,6021500
2021,Monaco,Member State,119270,0,119270
2021,Morocco,Member State,100000,0,100000
2021,Myanmar,Member State,10000,0,10000
2021,Philippines,Member State,50000,0,50000
2021,Portugal,Member State,60763.3,0,60763.3
2021,Turkey,Member State,450000,0,450000
2021,United Arab Emirates,Member State,5000000,0,5000000
2021,United Kingdom,Member State,88538410,0,88538410
2021,Uzbekistan,Member State,100000,0,100000
2021,Armenia,Member State,5000,0,5000
2021,Austria,Member State,1585080,0,1585080
2021,Belgian Government of Flanders,Regional/ Local Authorities,169365,0,169365
2021,Denmark,Member State,5315917.38,0,5315917.38
2021,Finland,Member State,20620715.42,0,20620715.42
2021,Iceland,Member State,347490.35,0,347490.35
2021,Ireland,Member State,1122580,0,1122580
2021,Italy,Member State,4528800,0,4528800
2021,Netherlands,Member State,19796000,0,19796000
2021,Norway,Member State,4997430.75,0,4997430.75
2021,"Private donations through UN Foundation (under $10,000)",Private Contributions,5721.63,0,5721.63
2021,Slovenia,Member State,56540,0,56540
2021,Spain,Member State,2829250,0,2829250
2021,Sweden,Member State,4856571.55,0,4856571.55
2022,Germany,Member State,56255000,0,56255000
2022,Brazil,Member State,125000,0,125000
2022,Kuwait,Member State,1000000,0,1000000
2022,Peru,Member State,5041.97,0,5041.97
2022,Japan,Member State,123148,0,123148
2022,Morocco,Member State,100000,0,100000
2022,Nigeria,Member State,0,100000,100000
2022,Iceland,Member State,386249.52,0,386249.52
2022,Bulgaria,Member State,31506,0,31506
2022,Catalan Agency for Development Cooperation,Regional/ Local Authorities,304766.45,0,304766.45
2022,Iceland,Member State,231749.71,0,231749.71
2022,Philippines,Member State,50000,0,50000
2022,"Private donations outside UN Foundation (under $10,000)",Private Contributions,220,0,220
2022,Turkey,Member State,200000,0,200000
2022,Luxembourg,Member State,5541000,0,5541000
2022,Azerbaijan,Member State,20000,0,20000
2022,Mongolia,Member State,150000,0,150000
2022,Netherlands,Member State,59653000,0,59653000
2022,Australia,Member State,8005789.08,0,8005789.08
2022,Belgium,Member State,19402100,0,19402100
2022,Ireland,Member State,11969200,0,11969200
2022,"Private donations outside UN Foundation (under $10,000)",Private Contributions,40,0,40
2022,Switzerland,Member State,5047445.99,0,5047445.99
2022,Vietnam,Member State,100000,0,100000
2022,Denmark,Member State,24909884.83,0,24909884.83
2022,Basque Agency for Development Cooperation,Regional/ Local Authorities,210295.83,0,210295.83
2022,France,Member State,8928571.43,0,8928571.43
2022,Mauritius,Member State,5000,0,5000
2022,New Zealand,Member State,1864500,0,1864500
2022,"Private donations outside UN Foundation (under $10,000)",Private Contributions,20,0,20
2022,CIRCA Art Ltd (Yoko Ono Campaign),Private Contributions,355320,0,355320
2022,Germany,Member State,50790000,0,50790000
2022,Italy,Member State,4976500,0,4976500
2022,Canada,Member State,22893630.28,0,22893630.28
2022,Montenegro,Member State,3520.5,0,3520.5
2022,ByteDance/TikTok,Private Contributions,1000000,0,1000000
2022,China,Member State,450000,0,450000
2022,Denmark,Member State,5953956.07,0,5953956.07
2022,Morgan Stanley Gift Fund,Private Contributions,10000,0,10000
2022,"Private donations outside UN Foundation (under $10,000)",Private Contributions,20,0,20
2022,"Private donations through UN Foundation (under $10,000)",Private Contributions,52595.91,0,52595.91
2022,Slovenia,Member State,49470,0,49470
2022,"Stripe, Ireland",Private Contributions,520955.01,0,520955.01
2022,Turkey,Member State,250000,0,250000
2022,United States of America,Member State,15000000,0,15000000
2022,Estonia,Member State,181995,0,181995
2022,Bulgaria,Member State,33675,0,33675
2022,Croatia,Member State,30000,0,30000
2022,Liechtenstein,Member State,201349.04,0,201349.04
2022,Monaco,Member State,108930,0,108930
2022,Portugal,Member State,202230,0,202230
2022,Sweden,Member State,74796370.92,0,74796370.92
2022,Romania,Member State,97310.07,0,97310.07
2022,Indonesia,Member State,0,220000,220000
2022,United Kingdom,Member State,61412832,0,61412832
2022,Bangladesh,Member State,25000,0,25000
2022,Belgian Government of Flanders,Regional/ Local Authorities,652440,0,652440
2022,Bhutan,Member State,1500,0,1500
2022,Cambodia,Member State,30000,0,30000
2022,Cyprus,Member State,100000,0,100000
2022,Czech Republic,Member State,222311.15,0,222311.15
2022,Finland,Member State,9055200,0,9055200
2022,Italy,Member State,9953000,0,9953000
2022,Korea,Member State,6000000,0,6000000
2022,Kyrgyzstan,Member State,500,0,500
2022,Lithuania,Member State,112940,0,112940
2022,Mongolia,Member State,10000,0,10000
2022,Norway,Member State,50870434.92,0,50870434.92
2022,Poland,Member State,248023.84,0,248023.84
2022,Portugal,Member State,28267.5,0,28267.5
2022,Qatar,Member State,1000000,0,1000000
2022,Russian Federation,Member State,3500000,0,3500000
2022,Spain,Member State,2662406.82,0,2662406.82
2022,Thailand,Member State,20000,0,20000
2022,Turkmenistan,Member State,100000,0,100000
2022,Andorra,Member State,10333.5,0,10333.5
2022,Austria,Member State,2020270,0,2020270
2022,Finland,Member State,7443100,0,7443100
2022,Germany,Member State,39331000,0,39331000
2022,Guyana,Member State,3000,0,3000
2022,Iceland,Member State,1401124.47,0,1401124.47
2022,Ireland,Member State,5294980,0,5294980
2022,Italy,Member State,2674500,0,2674500
2022,Monaco,Member State,155055,0,155055
2022,Netherlands,Member State,20974000,0,20974000
2022,Norway,Member State,3003408.9,0,3003408.9
2022,"Private donations outside UN Foundation (under $10,000)",Private Contributions,20,0,20
2022,"Private donations through UN Foundation (under $10,000)",Private Contributions,17073.27,0,17073.27
2022,Singapore,Member State,50000,0,50000
2022,"Stripe, Ireland",Private Contributions,46794.54,0,46794.54
2022,Switzerland,Member State,918509.02,0,918509.02
2022,Vietnam,Member State,10000,0,10000
2023,Germany,Member State,53570000,0,53570000
2023,Azerbaijan,Member State,88235,0,88235
2023,Guyana,Member State,2158.27,0,2158.27
2023,"Private donations outside UN Foundation (under $10,000)",Private Contributions,20,0,20
2023,"Private donations through UN Foundation (under $10,000)",Private Contributions,28904.9,0,28904.9
2023,"Stripe, Ireland",Private Contributions,82970.55,0,82970.55
2023,Zambia,Member State,10000,0,10000
2023,Vietnam,Member State,10000,0,10000
2023,Colombia,Member State,75000,0,75000
2023,Cyprus,Member State,100000,0,100000
2023,Iceland,Member State,482625.48,0,482625.48
2023,Ireland,Member State,1060198.4,0,1060198.4
2023,South Africa,Member State,278950,0,278950
2023,Sweden,Member State,954657.72,0,954657.72
2023,United States of America,Member State,19532839,0,19532839
2023,Iceland,Member State,344732.49,0,344732.49
2023,Basque Agency for Development Cooperation,Regional/ Local Authorities,264780.51,0,264780.51
2023,Luxembourg,Member State,5427500,0,5427500
2023,Peru,Member State,5063.12,0,5063.12
2023,"Private donations outside UN Foundation (under $10,000)",Private Contributions,20,0,20
2023,Netherlands,Member State,58558500,0,58558500
2023,Azerbaijan,Member State,25000,0,25000
2023,Catalan Agency for Development Cooperation,Regional/ Local Authorities,646653.06,0,646653.06
2023,France,Member State,10905125.41,0,10905125.41
2023,KAAGNY/K-Radio - Private - USA,Private Contributions,33339,0,33339
2023,"Private donations outside UN Foundation (under $10,000)",Private Contributions,20,0,20
2023,Turkmenistan,Member State,50000,0,50000
2023,United Arab Emirates,Member State,5000000,0,5000000
2023,Vietnam,Member State,100000,0,100000
2023,Ireland,Member State,12192281.6,0,12192281.6
2023,Azerbaijan,Member State,10000,0,10000
2023,Belgium,Member State,18156000,0,18156000
2023,Greece,Member State,105320,0,105320
2023,Romania,Member State,108189.17,0,108189.17
2023,New Zealand,Member State,1849500,0,1849500
2023,Estonia,Member State,43652,0,43652
2023,"Private donations outside UN Foundation (under $10,000)",Private Contributions,20,0,20
2023,Switzerland,Member State,11174682.64,0,11174682.64
2023,Mohamed Fathi Ahmed Ibrahim,Private Contributions,1000000,0,1000000
2023,Netherlands,Member State,13269600,0,13269600
2023,"Private donations outside UN Foundation (under $10,000)",Private Contributions,20,0,20
2023,Singapore,Member State,50000,0,50000
2023,CIRCA Art Ltd (Yoko Ono Campaign),Private Contributions,75000,0,75000
2023,Poland,Member State,120000,0,120000
2023,Slovakia,Member State,32661,0,32661
2023,Slovenia,Member State,85136,0,85136
2023,Turkey,Member State,250000,0,250000
2023,Canada,Member State,22166930.56,0,22166930.56
2023,Baha'i International Community,Private Contributions,10000,0,10000
2023,Germany,Member State,52930000,0,52930000
2023,Mongolia,Member State,50000,0,50000
2023,"Private donations outside UN Foundation (under $10,000)",Private Contributions,20,0,20
2023,Australia,Member State,7688989.52,0,7688989.52
2023,Denmark,Member State,25216939.85,0,25216939.85
2023,Andorra,Member State,10942.42,0,10942.42
2023,Baha'i International Community,Private Contributions,10000,0,10000
2023,Korea,Member State,1000000,0,1000000
2023,Sweden,Member State,62340371,0,62340371
2023,Monaco,Member State,165375,0,165375
2023,Mongolia,Member State,10000,0,10000
2023,Montenegro,Member State,5238,0,5238
2023,China,Member State,425000,0,425000
2023,Indonesia,Member State,220000,0,220000
2023,Latvia,Member State,107970,0,107970
2023,Luxembourg,Member State,540500,0,540500
2023,"Private donations outside UN Foundation (under $10,000)",Private Contributions,1742.92,0,1742.92
2023,Sweden,Member State,3420574.37,0,3420574.37
2023,United Kingdom,Member State,63984400,0,63984400
2023,Finland,Member State,8654400,0,8654400
2023,Norway,Member State,43126566.31,0,43126566.31
2023,Qatar,Member State,1000000,0,1000000
2023,Algeria,Member State,20000,0,20000
2023,Armenia,Member State,5000,0,5000
2023,Bangladesh,Member State,25000,0,25000
2023,Belgian Government of Flanders,Regional/ Local Authorities,660780,0,660780
2023,Cambodia,Member State,30000,0,30000
2023,Croatia,Member State,100000,0,100000
2023,Czech Republic,Member State,204265.51,0,204265.51
2023,Estonia,Member State,53235,0,53235
2023,Italy,Member State,16570500,0,16570500
2023,Korea,Member State,6000000,0,6000000
2023,Kuwait,Member State,1000000,0,1000000
2023,Liechtenstein,Member State,332152.35,0,332152.35
2023,Morocco,Member State,100000,0,100000
2023,Philippines,Member State,200000,0,200000
2023,Portugal,Member State,265230,0,265230
2023,Russian Federation,Member State,1500000,0,1500000
2023,Thailand,Member State,20000,0,20000
2023,Austria,Member State,2185000,0,2185000
2023,Bulgaria,Member State,16465.5,0,16465.5
2023,Denmark,Member State,6167400.88,0,6167400.88
2023,Iceland,Member State,1454648.78,0,1454648.78
2023,Ireland,Member State,2146980,0,2146980
2023,Japan,Member State,97080,0,97080
2023,Norway,Member State,5017043,0,5017043
2023,Portugal,Member State,110280,0,110280
2023,"Private donations through UN Foundation (under $10,000)",Private Contributions,142216.99,0,142216.99
2023,Spain,Member State,3188097.77,0,3188097.77
2023,"Stripe, Ireland",Private Contributions,595630.6,0,595630.6
2023,Turkey,Member State,200000,0,200000
2023,Kyrgyzstan,Member State,477.01,0,477.01
2024,Iceland,Member State,874758.62,0,874758.62
2024,Japan,Member State,66978,0,66978
2024,United States of America,Member State,9850000,0,9850000
2024,Croatia,Member State,108410,0,108410
2024,Turkmenistan,Member State,50000,0,50000
2024,Luxembourg,Member State,5464000,0,5464000
2024,Ireland,Member State,8096226.43,0,8096226.43
2024,Peru,Member State,5033.35,0,5033.35
2024,Philippines,Member State,200000,0,200000
2024,United Kingdom,Member State,72684841.84,0,72684841.84
2024,Netherlands,Member State,59273500,0,59273500
2024,Basque Agency for Development Cooperation,Regional/ Local Authorities,266180.27,0,266180.27
2024,Cyprus,Member State,8000,0,8000
2024,Liechtenstein,Member State,328587.08,0,328587.08
2024,Spain,Member State,4828326.18,0,4828326.18
2024,Ireland,Member State,12414233.57,0,12414233.57
2024,Belgium,Member State,18320900,0,18320900
2024,Catalan Agency for Development Cooperation,Regional/ Local Authorities,319782.4,0,319782.4
2024,Qatar,Member State,1000000,0,1000000
2024,South Africa,Member State,167603,0,167603
2024,United States of America,Member State,18000000,0,18000000
2024,New Zealand,Member State,1839600,0,1839600
2024,Australia,Member State,4338522.03,0,4338522.03
2024,Denmark,Member State,27504342.79,0,27504342.79
2024,France,Member State,6966773.85,0,6966773.85
2024,Netherlands,Member State,10811000,0,10811000
2024,Thailand,Member State,20000,0,20000
2024,Canada,Member State,21763268.93,0,21763268.93
2024,"Stripe, Ireland",Private Contributions,242080.92,0,242080.92
2024,China,Member State,450000,0,450000
2024,"Funding under $10,000",Private Contributions,62522.87,0,62522.87
2024,Germany,Member State,55745000,0,55745000
2024,Australia,Member State,7208290.17,0,7208290.17
2024,Azerbaijan,Member State,50000,0,50000
2024,Chad,Member State,0,50000,50000
2024,"Funding under $10,000",Private Contributions,2974.17,0,2974.17
2024,Thailand,Member State,20000,0,20000
2024,Sweden,Member State,76117584.38,0,76117584.38
2024,Andorra,Member State,10736,0,10736
2024,Germany,Member State,53040000,0,53040000
2024,Luxembourg,Member State,525100,0,525100
2024,Poland,Member State,483980.25,0,483980.25
2024,Finland,Member State,8652800,0,8652800
2024,Norway,Member State,42753298.38,0,42753298.38
2024,Saudi Arabia,Member State,1000000,0,1000000
2024,Algeria,Member State,20000,0,20000
2024,Armenia,Member State,5000,0,5000
2024,Bangladesh,Member State,25000,0,25000
2024,Belgian Government of Flanders,Regional/ Local Authorities,646080,0,646080
2024,Burkina Faso,Member State,15923.57,0,15923.57
2024,Cambodia,Member State,30000,0,30000
2024,Cyprus,Member State,100000,0,100000
2024,Estonia,Member State,55380,0,55380
2024,Greece,Member State,106560,0,106560
2024,Indonesia,Member State,220000,0,220000
2024,Kuwait,Member State,1000000,0,1000000
2024,Kyrgyzstan,Member State,500,0,500
2024,Lithuania,Member State,110290,0,110290
2024,Malta,Member State,42948,0,42948
2024,Monaco,Member State,161040,0,161040
2024,Montenegro,Member State,5511,0,5511
2024,Morocco,Member State,50000,0,50000
2024,Portugal,Member State,273100,0,273100
2024,QC,CERF,0,9000000,9000000
2024,Russian Federation,Member State,1500000,0,1500000
2024,Singapore,Member State,50000,0,50000
2024,Slovenia,Member State,86976,0,86976
2024,Switzerland,Member State,5677946.85,0,5677946.85
2024,Turkey,Member State,700000,0,700000
2024,Zimbabwe,Member State,10000,0,10000
2024,Austria,Member State,1032400,0,1032400
2024,Cyprus,Member State,53000,0,53000
2024,Denmark,Member State,5832118.31,0,5832118.31
2024,Germany,Member State,523050,0,523050
2024,Iceland,Member State,510405.71,0,510405.71
2024,Italy,Member State,10815000,0,10815000
2024,Korea,Member State,18000000,0,18000000
2024,Latvia,Member State,51885,0,51885
2024,Moldova,Member State,2000,0,2000
2024,Monaco,Member State,103900,0,103900
2024,Poland,Member State,887442.69,0,887442.69
2024,Vietnam,Member State,10000,0,10000
2025,Iceland,Member State,0,877385.3915,877385.3915
2025,Australia,Member State,8331481.38,0,8331481.38
2025,Azerbaijan,Member State,100000,0,100000
2025,Oman,Member State,300000,0,300000
2025,Singapore,Member State,0,50000,50000
2025,Zimbabwe,Member State,0,20000,20000
2025,Ireland,Member State,15680980,0,15680980
2025,Portugal,Member State,256950,0,256950
2025,"Private donations outside UN Foundation (under $10,000)",Private Contributions,1000,0,1000
2025,"Private donations through UN Foundation (under $10,000)",Private Contributions,166358.03,0,166358.03
2025,United Kingdom,Member State,18350092,48399487.84,66749579.84
2025,Holy See (Vatican City State),Observer,5000,0,5000
2025,Netherlands,Member State,37016000,22321428.57,59337428.57
2025,Basque Agency for Development Cooperation,Regional/ Local Authorities,283752.32,0,283752.32
2025,Denmark,Member State,26707899.92,0,26707899.92
2025,Canada,Member State,0,21397379.91,21397379.91
2025,Portugal,Member State,277775,0,277775
2025,Germany,Member State,10486000,0,10486000
2025,Lithuania,Member State,108530,0,108530
2025,Philippines,Member State,200000,0,200000
2025,Russian Federation,Member State,0,1500000,1500000
2025,Sweden,Member State,9331776.7,0,9331776.7
2025,Cambodia,Member State,0,30000,30000
2025,Luxembourg,Member State,5155500,0,5155500
2025,Malta,Member State,42096,0,42096
2025,Mongolia,Member State,0,10000,10000
2025,Norway,Member State,39977242.38,0,39977242.38
2025,Saudi Arabia,Member State,0,1000000,1000000
2025,Estonia,Member State,55380,0,55380
2025,Algeria,Member State,20000,0,20000
2025,Armenia,Member State,5000,0,5000
2025,Belgian Government of Flanders,Regional/ Local Authorities,0,632911.3924,632911.3924
2025,Bhutan,Member State,0,1500,1500
2025,Brazil,Member State,0,125000,125000
2025,Croatia,Member State,113620,0,113620
2025,Czech Republic,Member State,62578.22,0,62578.22
2025,Germany,Member State,2599250,0,2599250
2025,Greece,Member State,0,105485.2321,105485.2321
2025,Guyana,Member State,50000,0,50000
2025,Indonesia,Member State,0,220000,220000
2025,Kuwait,Member State,1000000,0,1000000
2025,Kyrgyzstan,Member State,0,500,500
2025,Liechtenstein,Member State,0,340136.0544,340136.0544
2025,Montenegro,Member State,9924,0,9924
2025,Morocco,Member State,50000,0,50000
2025,Portugal,Member State,314250,0,314250
2025,QC,CERF,0,2000000,2000000
2025,Qatar,Member State,0,1000000,1000000
2025,Slovenia,Member State,107700,0,107700
2025,Thailand,Member State,20000,0,20000
2025,Turkey,Member State,0,500000,500000
2026,Iceland,Member State,0,877385.3915,877385.3915
2026,Ireland,Member State,0,15511892.45,15511892.45
2026,QC,CERF,0,2000000,2000000
2026,Qatar,Member State,0,1000000,1000000
2026,Denmark,Member State,0,27608253.41,27608253.41
2026,Canada,Member State,0,21397379.91,21397379.91
2026,Germany,Member State,0,11086474.5,11086474.5
2026,Australia,Member State,0,6883604.506,6883604.506
2026,Luxembourg,Member State,0,5422993.492,5422993.492
2026,Saudi Arabia,Member State,0,1000000,1000000
2027,Denmark,Member State,0,27608253.41,27608253.41
2027,Iceland,Member State,0,877385.3915,877385.3915
2027,Ireland,Member State,0,15511892.45,15511892.45
2027,QC,CERF,0,2000000,2000000
2028,Iceland,Member State,0,877385.3915,877385.3915
