id,amountUSD,budgetYear,childFlowIds,contributionType,createdAt,date,decisionDate,description,grandBargainEarmarkingType,exchangeRate,firstReportedDate,flowType,keywords,newMoney,originalAmount,originalCurrency,method,parentFlowId,status,updatedAt,versionId,boundary,onBoundary,refCode,fullParkedAmountUSD,sourceObjects_Location.id,sourceObjects_Location.name,sourceObjects_Location.behavior,sourceObjects_Location.organizationTypes,sourceObjects_Location.organizationSubTypes,sourceObjects_Location.organizationLevels,sourceObjects_Organization.id,sourceObjects_Organization.name,sourceObjects_Organization.behavior,sourceObjects_Organization.organizationTypes,sourceObjects_Organization.organizationSubTypes,sourceObjects_Organization.organizationLevels,sourceObjects_UsageYear.id,sourceObjects_UsageYear.name,sourceObjects_UsageYear.behavior,sourceObjects_UsageYear.organizationTypes,sourceObjects_UsageYear.organizationSubTypes,sourceObjects_UsageYear.organizationLevels,destinationObjects_GlobalCluster.id,destinationObjects_GlobalCluster.name,destinationObjects_GlobalCluster.behavior,destinationObjects_GlobalCluster.organizationTypes,destinationObjects_GlobalCluster.organizationSubTypes,destinationObjects_GlobalCluster.organizationLevels,destinationObjects_Location.id,destinationObjects_Location.name,destinationObjects_Location.behavior,destinationObjects_Location.organizationTypes,destinationObjects_Location.organizationSubTypes,destinationObjects_Location.organizationLevels,destinationObjects_Organization.id,destinationObjects_Organization.name,destinationObjects_Organization.behavior,destinationObjects_Organization.organizationTypes,destinationObjects_Organization.organizationSubTypes,destinationObjects_Organization.organizationLevels,destinationObjects_UsageYear.id,destinationObjects_UsageYear.name,destinationObjects_UsageYear.behavior,destinationObjects_UsageYear.organizationTypes,destinationObjects_UsageYear.organizationSubTypes,destinationObjects_UsageYear.organizationLevels,destinationObjects_Emergency.id,destinationObjects_Emergency.name,destinationObjects_Emergency.behavior,destinationObjects_Emergency.organizationTypes,destinationObjects_Emergency.organizationSubTypes,destinationObjects_Emergency.organizationLevels,reportDetails_sourceType,reportDetails_organization,reportDetails_reportChannel,reportDetails_date
294616,3232759,,,financial,2023-11-23T06:37:22.378Z,2023-11-23T00:00:00Z,,Asia IKRK Op. Appeals 2023,earmarked,0.928,2023-11-23T00:00:00Z,Standard,,TRUE,3000000,CHF,Traditional aid,,paid,2023-11-23T06:37:22.378Z,1,incoming,single,7F-11109.01,,217,Switzerland,single,,,,2924,"Switzerland, Government of",single,Governments,National Governments,National and Sub-National State Actors,44,2023,single,,,,10,Protection,single,,,,1,Afghanistan,single,,,,2967,International Committee of the Red Cross,single,Red Cross/Red Crescent Organizations,International Red Cross/Red Crescent Movement,International Actors,49,2028,single,,,,,,,,,,Primary,"Switzerland, Government of",Email,2023-11-23T00:00:00.000Z
294662,2899189,2023,,financial,2023-11-23T09:48:22.354Z,2023-11-06T00:00:00Z,2023-11-06T00:00:00Z,"Protection - Gender-Based Violence	GAASHAN programme- Deliver protection services to address gender-based violence and child abuse, as well as sustainable approaches to preventative programming.",earmarked,0.824,2023-11-23T00:00:00Z,Parked,Multiyear,TRUE,2388932,GBP,Traditional aid,,commitment,2023-11-23T09:48:22.354Z,1,incoming,shared,300978-407,2899189,236,United Kingdom,single,,,,2917,"United Kingdom, Government of",single,Governments,National Governments,National and Sub-National State Actors,44,2023,single,,,,13,Protection - Gender-Based Violence,single,,,,206,Somalia,single,,,,2849,Save the Children,single,NGOs,International NGOs,International Actors,48; 49,2027; 2028,shared; shared,NULL; NULL,NULL; NULL,NULL; NULL,,,,,,,Primary,"United Kingdom, Government of",Email,2023-11-23T00:00:00.000Z
294667,6628220,2023,,financial,2023-11-23T10:11:18.452Z,2023-09-05T00:00:00Z,2023-09-05T00:00:00Z,Multi-Sector	Danwadaag- Reducing Vulnerabilities of Displaced Communities through Durable Solutions Programming in Somalia,earmarked,0.824,2023-11-23T00:00:00Z,Parked,Multiyear,TRUE,5461653,GBP,Traditional aid,,commitment,2023-11-23T10:11:18.452Z,1,incoming,shared,300978-406,6628220,236,United Kingdom,single,,,,2917,"United Kingdom, Government of",single,Governments,National Governments,National and Sub-National State Actors,44,2023,single,,,,26479,Multi-sector,single,,,,206,Somalia,single,,,,2986,International Organization for Migration,single,Multilateral Organizations,UN Agencies,International Actors,49; 48,2028; 2027,shared; shared,NULL; NULL,NULL; NULL,NULL; NULL,,,,,,,Primary,"United Kingdom, Government of",Email,2023-11-23T00:00:00.000Z
294674,15286624,2023,,financial,2023-11-23T10:18:56.310Z,2023-07-05T00:00:00Z,2023-07-05T00:00:00Z,Multi-Sector	BRCiS III- The project aims to enhance the resilience of targeted communities by supporting vulnerable rural communities to cope with shocks and stresses.,earmarked,0.785,2023-11-23T00:00:00Z,Parked,Multiyear,TRUE,12000000,GBP,Traditional aid,,commitment,2023-11-23T10:18:56.310Z,1,incoming,shared,300978-405,15286624,236,United Kingdom,single,,,,2917,"United Kingdom, Government of",single,Governments,National Governments,National and Sub-National State Actors,44,2023,single,,,,26479,Multi-sector,single,,,,206,Somalia,single,,,,2178,Norwegian Refugee Council,single,NGOs,International NGOs,International Actors,48; 49,2027; 2028,shared; shared,NULL; NULL,NULL; NULL,NULL; NULL,,,,,,,Primary,"United Kingdom, Government of",Email,2023-11-23T00:00:00.000Z
294680,310559,2023,,financial,2023-11-23T10:30:39.341Z,2023-06-01T00:00:00Z,2023-06-01T00:00:00Z,Coordination and Support Services	To assist humanitarian and non-profit organizations in fulfilling their mandates though the provision of essential security coordination and information services that help to understand the operating environment and reduce the risks confronting their staff and operations.,earmarked,0.805,2023-11-23T00:00:00Z,Parked,Multiyear,TRUE,250000,GBP,Traditional aid,,commitment,2023-11-23T10:30:39.341Z,1,incoming,shared,300978-403,310559,236,United Kingdom,single,,,,2917,"United Kingdom, Government of",single,Governments,National Governments,National and Sub-National State Actors,44,2023,single,,,,26480,Coordination and support services,single,,,,206,Somalia,single,,,,6865,International NGO Safety Organisation,single,NGOs,International NGOs,International Actors,48; 49,2027; 2028,shared; shared,NULL; NULL,NULL; NULL,NULL; NULL,,,,,,,Primary,"United Kingdom, Government of",Email,2023-11-23T00:00:00.000Z
294681,77640,2023,,financial,2023-11-23T10:31:13.634Z,2023-06-01T00:00:00Z,2023-06-01T00:00:00Z,Coordination and Support Services	To assist humanitarian and non-profit organizations in fulfilling their mandates though the provision of essential security coordination and information services that help to understand the operating environment and reduce the risks confronting their staff and operations.,earmarked,0.805,2023-11-23T00:00:00Z,Parked,Multiyear,TRUE,62500,GBP,Traditional aid,,commitment,2023-11-23T10:31:13.634Z,1,incoming,shared,300978-403,77640,236,United Kingdom,single,,,,2917,"United Kingdom, Government of",single,Governments,National Governments,National and Sub-National State Actors,44,2023,single,,,,26480,Coordination and support services,single,,,,206,Somalia,single,,,,6865,International NGO Safety Organisation,single,NGOs,International NGOs,International Actors,49; 50,2028; 2029,shared; shared,NULL; NULL,NULL; NULL,NULL; NULL,,,,,,,Primary,"United Kingdom, Government of",Email,2023-11-23T00:00:00.000Z
296590,0,,296594|296595|296591|296593|296592,financial,2023-12-13T12:58:36.345Z,2023-06-01T00:00:00Z,2023-06-01T00:00:00Z,RESTORE: restoring the riverine eco-systems for climate adaptation,earmarked,0.824,2023-12-04T00:00:00Z,Parked,Multiyear,TRUE,0,GBP,Traditional aid,,commitment,2025-01-23T21:30:59.960Z,1,incoming,shared,OSRO/SOM/078/UK,42475728,236,United Kingdom,single,,,,2917,"United Kingdom, Government of",single,Governments,National Governments,National and Sub-National State Actors,44,2023,single,,,,6,Food Security,single,,,,206,Somalia,single,,,,4399,Food and Agriculture Organization of the United Nations,single,Multilateral Organizations,UN Agencies,International Actors,44; 45; 46; 47; 48; 49,2023; 2024; 2025; 2026; 2027; 2028,shared; shared; shared; shared; shared; shared,NULL; NULL; NULL; NULL; NULL; NULL,NULL; NULL; NULL; NULL; NULL; NULL,NULL; NULL; NULL; NULL; NULL; NULL,,,,,,,Primary,Food and Agriculture Organization of the United Nations,Email,2023-12-04T00:00:00.000Z
299250,2395210,2028,,financial,2024-01-15T08:39:07.641Z,2024-01-12T00:00:00Z,2024-01-12T00:00:00Z,North	Gaza Cash-Plus Programme  Protection,earmarked,0.835,2024-01-12T00:00:00Z,Standard,,TRUE,2000000,CHF,Cash transfer programming (CTP),,commitment,2024-01-15T08:39:07.641Z,1,incoming,single,7F-11900.99,,217,Switzerland,single,,,,2924,"Switzerland, Government of",single,Governments,National Governments,National and Sub-National State Actors,49,2028,single,,,,10,Protection,single,,,,171,Occupied Palestinian Territory,single,,,,4319,International NGOs (Confidential),single,NGOs,International NGOs,International Actors,49,2028,single,,,,962,oPt Complex Emergency 2023-24,single,,,,Primary,"Switzerland, Government of",Email,2024-01-12T00:00:00.000Z
299254,449102,2028,,financial,2024-01-15T08:49:41.319Z,2024-01-12T00:00:00Z,2024-01-12T00:00:00Z,Support for Community Mental health in,earmarked,0.835,2024-01-12T00:00:00Z,Standard,,TRUE,375000,CHF,Traditional aid,,commitment,2024-01-15T08:49:41.319Z,1,incoming,single,7F-11700.99,,217,Switzerland,single,,,,2924,"Switzerland, Government of",single,Governments,National Governments,National and Sub-National State Actors,49,2028,single,,,,7,Health,single,,,,171,Occupied Palestinian Territory,single,,,,4319,International NGOs (Confidential),single,NGOs,International NGOs,International Actors,49,2028,single,,,,962,oPt Complex Emergency 2023-24,single,,,,Primary,"Switzerland, Government of",Email,2024-01-12T00:00:00.000Z
299434,215569,2028,,financial,2024-01-16T15:02:29.621Z,2024-01-12T00:00:00Z,2024-01-12T00:00:00Z,Sexual & Gender-based violence,earmarked,0.835,2024-01-12T00:00:00Z,Standard,,TRUE,180000,CHF,Traditional aid,,commitment,2024-01-16T15:02:29.621Z,1,incoming,single,7F-11306.01,,217,Switzerland,single,,,,2924,"Switzerland, Government of",single,Governments,National Governments,National and Sub-National State Actors,49,2028,single,,,,13,Protection - Gender-Based Violence,single,,,,,,,,,,4293,United Nations Population Fund,single,Multilateral Organizations,UN Agencies,International Actors,49,2028,single,,,,,,,,,,Primary,"Switzerland, Government of",Email,2024-01-12T00:00:00.000Z
299436,131737,2028,,financial,2024-01-16T15:03:26.873Z,2024-01-12T00:00:00Z,2024-01-12T00:00:00Z,Sexual & Gender-based violence,earmarked,0.835,2024-01-12T00:00:00Z,Standard,,TRUE,110000,CHF,Traditional aid,,commitment,2024-01-16T15:03:26.873Z,1,incoming,single,7F-11306.01,,217,Switzerland,single,,,,2924,"Switzerland, Government of",single,Governments,National Governments,National and Sub-National State Actors,49,2028,single,,,,13,Protection - Gender-Based Violence,single,,,,,,,,,,2178,Norwegian Refugee Council,single,NGOs,International NGOs,International Actors,49,2028,single,,,,,,,,,,Primary,"Switzerland, Government of",Email,2024-01-12T00:00:00.000Z
299948,877385,2023,,financial,2024-02-16T14:15:15.380Z,2024-01-18T00:00:00Z,2023-11-20T00:00:00Z,Iceland Contribution to OCHA 2028,unearmarked,143.38,2024-01-19T00:00:00Z,Standard,,TRUE,120000000,ISK,Traditional aid,,commitment,2024-02-26T07:23:23.934Z,3,incoming,single,OCT/ISL/2028/75894/OCHA(OCHA)/Unallocated/82266 N/A,,102,Iceland,single,,,,4845,"Iceland, Government of",single,Governments,National Governments,National and Sub-National State Actors,45,2024,single,,,,,,,,,,251,Global,single,,,,4396,Office for the Coordination of Humanitarian Affairs,single,Multilateral Organizations,UN Agencies,International Actors,49,2028,single,,,,,,,,,,Primary,Office for the Coordination of Humanitarian Affairs,From OCT-OCHA,2024-02-22T00:00:00.000Z
299982,26123,2028,,financial,2024-01-19T12:07:54.436Z,2020-04-30T00:00:00Z,,"Protection, access & security",unearmarked,0.957,2024-01-12T00:00:00Z,Standard,,TRUE,25000,CHF,Traditional aid,,commitment,2024-01-19T12:07:54.436Z,1,incoming,single,7F-01035.11,,217,Switzerland,single,,,,2924,"Switzerland, Government of",single,Governments,National Governments,National and Sub-National State Actors,49,2028,single,,,,26480,Coordination and support services,single,,,,237,United States,single,,,,4396,Office for the Coordination of Humanitarian Affairs,single,Multilateral Organizations,UN Agencies,International Actors,49,2028,single,,,,,,,,,,Primary,"Switzerland, Government of",Email,2024-01-12T00:00:00.000Z
300050,102881,2028,,financial,2024-01-22T10:54:50Z,2024-01-12T00:00:00Z,2024-01-12T00:00:00Z,Humanitarian efficiency,earmarked,0.972,2024-01-12T00:00:00Z,Standard,,TRUE,100000,CHF,Traditional aid,,commitment,2024-01-22T10:54:50Z,1,incoming,single,7F-04334.08,,217,Switzerland,single,,,,2924,"Switzerland, Government of",single,Governments,National Governments,National and Sub-National State Actors,49,2028,single,,,,26480,Coordination and support services,single,,,,156,Nepal,single,,,,2646,Swiss Development Cooperation/Swiss Humanitarian Aid,single,Governments,International Government Entities,International Actors,49,2028,single,,,,,,,,,,Primary,"Switzerland, Government of",Email,2024-01-12T00:00:00.000Z
300088,3086420,2027,,financial,2024-01-22T14:01:30.308Z,2024-01-12T00:00:00Z,2024-01-12T00:00:00Z,Disaster Risk Reduction (DRR) - GFDRR,unearmarked,0.972,2024-01-12T00:00:00Z,Standard,,TRUE,3000000,CHF,Traditional aid,,paid,2024-01-22T14:01:30.308Z,1,incoming,single,7F-06009.14,,217,Switzerland,single,,,,2924,"Switzerland, Government of",single,Governments,National Governments,National and Sub-National State Actors,49,2028,single,,,,26481,Other,single,,,,251,Global,single,,,,4820,World Bank,single,Multilateral Organizations,Other Multilateral Organizations,International Actors,49,2028,single,,,,,,,,,,Primary,"Switzerland, Government of",Email,2024-01-12T00:00:00.000Z
300143,2212389,2028,,financial,2024-01-23T11:10:41.183Z,2024-01-12T00:00:00Z,2023-06-14T00:00:00Z,Disaster Risk Reduction (DRR),earmarked,0.904,2024-01-12T00:00:00Z,Standard,,TRUE,2000000,CHF,Traditional aid,,commitment,2024-01-23T11:10:41.183Z,1,incoming,single,7F-07493.20,,217,Switzerland,single,,,,2924,"Switzerland, Government of",single,Governments,National Governments,National and Sub-National State Actors,49,2028,single,,,,26481,Other,single,,,,251,Global,single,,,,3582,UN Office for Disaster Risk Reduction,single,Multilateral Organizations,UN Agencies,International Actors,49,2028,single,,,,,,,,,,Primary,"Switzerland, Government of",Email,2024-01-12T00:00:00.000Z
300478,95808,2028,,financial,2024-01-29T14:10:50.015Z,2024-01-12T00:00:00Z,2024-01-12T00:00:00Z,Disaster Risk Reduction (DRR),softly earmarked,0.835,2024-01-12T00:00:00Z,Standard,,TRUE,80000,CHF,Traditional aid,,commitment,2024-01-29T14:10:50.015Z,1,incoming,single,7F-06053.07,,217,Switzerland,single,,,,2924,"Switzerland, Government of",single,Governments,National Governments,National and Sub-National State Actors,49,2028,single,,,,26481,Other,single,,,,251,Global,single,,,,4319,International NGOs (Confidential),single,NGOs,International NGOs,International Actors,49,2028,single,,,,,,,,,,Primary,"Switzerland, Government of",Email,2024-01-12T00:00:00.000Z
300585,1796407,2027,,financial,2024-02-01T13:13:20.069Z,2024-01-12T00:00:00Z,,Basic nutrition,earmarked,0.835,2024-01-12T00:00:00Z,Standard,,TRUE,1500000,CHF,Traditional aid,,commitment,2024-02-01T13:13:20.069Z,1,incoming,single,7F-08503.99,,217,Switzerland,single,,,,2924,"Switzerland, Government of",single,Governments,National Governments,National and Sub-National State Actors,49,2028,single,,,,9,Nutrition,single,,,,52,Democratic Republic of the Congo,single,,,,4319,International NGOs (Confidential),single,NGOs,International NGOs,International Actors,49,2028,single,,,,,,,,,,Primary,"Switzerland, Government of",Email,2024-01-12T00:00:00.000Z
300593,359281,2028,,financial,2024-02-01T13:33:56.973Z,2024-01-12T00:00:00Z,,Disaster Risk Reduction (DRR),earmarked,0.835,2024-01-12T00:00:00Z,Standard,,TRUE,300000,CHF,Traditional aid,,commitment,2024-02-01T13:33:56.973Z,1,incoming,single,7F-08390.05,,217,Switzerland,single,,,,2924,"Switzerland, Government of",single,Governments,National Governments,National and Sub-National State Actors,49,2028,single,,,,26481,Other,single,,,,251,Global,single,,,,4951,Global Network of Civil Society Organizations for Disaster Reduction,single,NGOs,International NGOs,International Actors,49,2028,single,,,,,,,,,,Primary,"Switzerland, Government of",Email,2024-01-12T00:00:00.000Z
300645,59880,2028,,financial,2024-02-02T11:51:19.105Z,2024-01-12T00:00:00Z,,Humanitarian efficiency,softly earmarked,0.835,2024-01-12T00:00:00Z,Standard,,TRUE,50000,CHF,Traditional aid,,commitment,2024-02-02T11:51:19.105Z,1,incoming,single,7F-08002.03,,217,Switzerland,single,,,,2924,"Switzerland, Government of",single,Governments,National Governments,National and Sub-National State Actors,49,2028,single,,,,26480,Coordination and support services,single,,,,242; 49; 65; 175; 27; 45; 11,"Venezuela, Bolivarian Republic of; Colombia; Ecuador; Peru; Bolivia, Plurinational State of; Chile; Argentina",shared; shared; shared; shared; shared; shared; shared,NULL; NULL; NULL; NULL; NULL; NULL; NULL,NULL; NULL; NULL; NULL; NULL; NULL; NULL,NULL; NULL; NULL; NULL; NULL; NULL; NULL,13811,European Environment Agency,single,Multilateral Organizations,Other Multilateral Organizations,International Actors,49,2028,single,,,,,,,,,,Primary,"Switzerland, Government of",Email,2024-01-12T00:00:00.000Z
300768,360082,2028,,financial,2024-02-05T15:04:55.854Z,2022-12-28T00:00:00Z,2022-12-28T00:00:00Z,Disaster Risk Reduction (DRR),earmarked,0.972,2024-01-12T00:00:00Z,Standard,,TRUE,350000,CHF,Traditional aid,,commitment,2024-02-05T15:04:55.854Z,1,incoming,single,7F-07707.05,,217,Switzerland,single,,,,2924,"Switzerland, Government of",single,Governments,National Governments,National and Sub-National State Actors,49,2028,single,,,,26481,Other,single,,,,251,Global,single,,,,4319,International NGOs (Confidential),single,NGOs,International NGOs,International Actors,49,2028,single,,,,,,,,,,Primary,"Switzerland, Government of",Email,2024-01-12T00:00:00.000Z
300912,1028807,2028,,financial,2024-02-06T14:51:12.745Z,2022-12-28T00:00:00Z,2022-12-28T00:00:00Z,Primary health care,earmarked,0.972,2024-01-12T00:00:00Z,Standard,,TRUE,1000000,CHF,Traditional aid,,commitment,2024-02-06T14:51:12.745Z,1,incoming,single,7F-10571.99,,217,Switzerland,single,,,,2924,"Switzerland, Government of",single,Governments,National Governments,National and Sub-National State Actors,49,2028,single,,,,7,Health,single,,,,52,Democratic Republic of the Congo,single,,,,4528,MEDAIR,single,NGOs,International NGOs,International Actors,49,2028,single,,,,,,,,,,Primary,"Switzerland, Government of",Email,2024-01-12T00:00:00.000Z
301561,359281,2028,,financial,2024-02-14T13:01:51.218Z,2024-01-12T00:00:00Z,2024-01-12T00:00:00Z,Disaster Risk Reduction (DRR) - Livelihood for Rohingya Response,earmarked,0.835,2024-01-12T00:00:00Z,Standard,,TRUE,300000,CHF,Traditional aid,,commitment,2024-02-14T13:01:51.218Z,1,incoming,single,7F-11246.99,,217,Switzerland,single,,,,2924,"Switzerland, Government of",single,Governments,National Governments,National and Sub-National State Actors,49,2028,single,,,,2,Early Recovery,single,,,,19,Bangladesh,single,,,,4319,International NGOs (Confidential),single,NGOs,International NGOs,International Actors,49,2028,single,,,,,,,,,,Primary,"Switzerland, Government of",Email,2024-01-12T00:00:00.000Z
302061,1122334,2028,,financial,2024-02-20T08:42:34.478Z,2023-01-12T00:00:00Z,,Women's equality organisations,earmarked,0.891,2024-01-12T00:00:00Z,Standard,,TRUE,1000000,CHF,Traditional aid,,paid,2024-02-20T08:42:34.478Z,1,incoming,single,7F-11120.99,,217,Switzerland,single,,,,2924,"Switzerland, Government of",single,Governments,National Governments,National and Sub-National State Actors,49,2028,single,,,,13,Protection - Gender-Based Violence,single,,,,115; 121; 220; 230; 240,Kazakhstan; Kyrgyzstan; Tajikistan; Turkmenistan; Uzbekistan,shared; shared; shared; shared; shared,NULL; NULL; NULL; NULL; NULL,NULL; NULL; NULL; NULL; NULL,NULL; NULL; NULL; NULL; NULL,4543,Private (individuals & organizations),single,Private Organizations,International Private Organizations,International Actors,49,2028,single,,,,,,,,,,Primary,"Switzerland, Government of",Email,2024-01-12T00:00:00.000Z
302087,877385,2024,,financial,2024-12-20T02:30:20.286Z,2024-01-19T00:00:00Z,2024-01-19T00:00:00Z,Iceland Contribution to CERF 2028,unearmarked,136.7701,2024-02-21T00:00:00Z,Standard,,TRUE,120000000,ISK,Traditional aid,,commitment,2024-12-20T05:54:21.795Z,3,incoming,single,OCT/ISL/2028/76138/OCHA(CERF)/Unallocated/82661,,102,Iceland,single,,,,4845,"Iceland, Government of",single,Governments,National Governments,National and Sub-National State Actors,45,2024,single,,,,,,,,,,,,,,,,4762,Central Emergency Response Fund,single,Pooled Funds,Global UN Pooled Funds,Pooled Funds,49,2028,single,,,,,,,,,,Primary,Office for the Coordination of Humanitarian Affairs,From OCT-CERF,2024-12-20T00:00:00.000Z
302647,538922,2028,,financial,2024-03-11T07:26:44.262Z,2024-01-12T00:00:00Z,2024-01-12T00:00:00Z,Household food security,earmarked,0.835,2024-01-12T00:00:00Z,Standard,,TRUE,450000,CHF,Traditional aid,,commitment,2024-03-11T07:26:44.262Z,1,incoming,single,7F-09860.99,,217,Switzerland,single,,,,2924,"Switzerland, Government of",single,Governments,National Governments,National and Sub-National State Actors,49,2028,single,,,,6,Food Security,single,,,,52,Democratic Republic of the Congo,single,,,,8582,Oxfam GB,single,NGOs,Internationally Affiliated Organizations,International Actors,49,2028,single,,,,,,,,,,Primary,"Switzerland, Government of",Email,2024-01-12T00:00:00.000Z
303342,1197605,2028,,financial,2024-03-22T12:17:58.718Z,2024-01-12T00:00:00Z,2024-01-12T00:00:00Z,Conflict prevention,softly earmarked,0.835,2024-01-12T00:00:00Z,Standard,,TRUE,1000000,CHF,Traditional aid,,commitment,2024-03-22T12:17:58.718Z,1,incoming,single,7F-09499.03,,217,Switzerland,single,,,,2924,"Switzerland, Government of",single,Governments,National Governments,National and Sub-National State Actors,49,2028,single,,,,,,,,,,49,Colombia,single,,,,11310,UN Multi-Partner Trust Fund for Sustaining Peace in Colombia,single,Pooled Funds,Country-based UN Pooled Funds,Pooled Funds,49,2028,single,,,,,,,,,,Primary,"Switzerland, Government of",Email,2024-01-12T00:00:00.000Z
303735,778443,2028,,financial,2024-03-25T08:37:38.634Z,2024-01-12T00:00:00Z,2024-01-12T00:00:00Z,Protection,earmarked,0.835,2024-01-12T00:00:00Z,Standard,,TRUE,650000,CHF,Traditional aid,,commitment,2024-03-25T08:37:38.634Z,1,incoming,single,7F-10087.99,,217,Switzerland,single,,,,2924,"Switzerland, Government of",single,Governments,National Governments,National and Sub-National State Actors,49,2028,single,,,,10,Protection,single,,,,52,Democratic Republic of the Congo,single,,,,3200,Transcultural Psychosocial Organization,single,NGOs,International NGOs,International Actors,49,2028,single,,,,,,,,,,Primary,"Switzerland, Government of",Email,2024-01-12T00:00:00.000Z
303773,598802,2028,,financial,2024-03-25T09:12:27.597Z,2024-01-12T00:00:00Z,2024-01-12T00:00:00Z,Protection,earmarked,0.835,2024-01-12T00:00:00Z,Standard,,TRUE,500000,CHF,Traditional aid,,paid,2024-03-25T09:12:27.597Z,1,incoming,single,7F-10137.03,,217,Switzerland,single,,,,2924,"Switzerland, Government of",single,Governments,National Governments,National and Sub-National State Actors,49,2028,single,,,,10,Protection,single,,,,1,Afghanistan,single,,,,4319,International NGOs (Confidential),single,NGOs,International NGOs,International Actors,49,2028,single,,,,,,,,,,Primary,"Switzerland, Government of",Email,2024-01-12T00:00:00.000Z
303957,106270,2028,,financial,2024-03-25T15:19:50.134Z,2022-06-30T00:00:00Z,,Basic nutrition,earmarked,0.941,2024-01-14T00:00:00Z,Standard,,TRUE,100000,CHF,Traditional aid,,commitment,2024-03-25T15:19:50.134Z,1,incoming,single,7F-10226.02,,217,Switzerland,single,,,,2924,"Switzerland, Government of",single,Governments,National Governments,National and Sub-National State Actors,49,2028,single,,,,9,Nutrition,single,,,,44,Chad,single,,,,4319,International NGOs (Confidential),single,NGOs,International NGOs,International Actors,49,2028,single,,,,957,Sudan Complex Emergency 2023,single,,,,Primary,"Switzerland, Government of",Email,2024-01-14T00:00:00.000Z
304124,71856,2028,,financial,2024-03-26T13:56:31.693Z,2019-04-30T00:00:00Z,,Protection,earmarked,0.835,2024-01-14T00:00:00Z,Standard,,TRUE,60000,CHF,Traditional aid,,commitment,2024-03-26T13:56:31.693Z,1,incoming,single,7F-10235.99,,217,Switzerland,single,,,,2924,"Switzerland, Government of",single,Governments,National Governments,National and Sub-National State Actors,49,2028,single,,,,10,Protection,single,,,,52,Democratic Republic of the Congo,single,,,,4332,Cordaid International,single,NGOs,International NGOs,International Actors,49,2028,single,,,,,,,,,,Primary,"Switzerland, Government of",Email,2024-01-14T00:00:00.000Z
304344,8383234,2028,,financial,2024-03-28T06:59:13.783Z,2024-01-12T00:00:00Z,2024-01-12T00:00:00Z,Protection,earmarked,0.835,2024-01-12T00:00:00Z,Standard,,TRUE,7000000,CHF,Traditional aid,,commitment,2024-03-28T06:59:13.783Z,1,incoming,single,7F-10283.02,,217,Switzerland,single,,,,2924,"Switzerland, Government of",single,Governments,National Governments,National and Sub-National State Actors,49,2028,single,,,,10,Protection,single,,,,52,Democratic Republic of the Congo,single,,,,4319,International NGOs (Confidential),single,NGOs,International NGOs,International Actors,49,2028,single,,,,,,,,,,Primary,"Switzerland, Government of",Email,2024-01-12T00:00:00.000Z
304345,3592814,2028,,financial,2024-03-28T07:00:04.374Z,2024-01-12T00:00:00Z,2024-01-12T00:00:00Z,Water supply,earmarked,0.835,2024-01-12T00:00:00Z,Standard,,TRUE,3000000,CHF,Traditional aid,,commitment,2024-03-28T07:00:04.374Z,1,incoming,single,7F-10283.02,,217,Switzerland,single,,,,2924,"Switzerland, Government of",single,Governments,National Governments,National and Sub-National State Actors,49,2028,single,,,,11,Water Sanitation Hygiene,single,,,,152,Mozambique,single,,,,4319,International NGOs (Confidential),single,NGOs,International NGOs,International Actors,49,2028,single,,,,,,,,,,Primary,"Switzerland, Government of",Email,2024-01-12T00:00:00.000Z
304357,598802,2028,,financial,2024-03-28T08:52:15.964Z,2024-01-12T00:00:00Z,2024-01-12T00:00:00Z,Sectors not specified,earmarked,0.835,2024-01-12T00:00:00Z,Standard,,TRUE,500000,CHF,Traditional aid,,commitment,2024-03-28T08:52:15.964Z,1,incoming,single,7F-10283.02,,217,Switzerland,single,,,,2924,"Switzerland, Government of",single,Governments,National Governments,National and Sub-National State Actors,49,2028,single,,,,11,Water Sanitation Hygiene,single,,,,250,Zimbabwe,single,,,,4319,International NGOs (Confidential),single,NGOs,International NGOs,International Actors,49,2028,single,,,,,,,,,,Primary,"Switzerland, Government of",Email,2024-01-12T00:00:00.000Z
304358,1197605,2028,,financial,2024-03-28T08:54:23.488Z,2024-01-12T00:00:00Z,2024-01-12T00:00:00Z,Migration,earmarked,0.835,2024-01-12T00:00:00Z,Standard,,TRUE,1000000,CHF,Traditional aid,,commitment,2024-03-28T08:54:23.488Z,1,incoming,single,7F-10283.03,,217,Switzerland,single,,,,2924,"Switzerland, Government of",single,Governments,National Governments,National and Sub-National State Actors,49,2028,single,,,,26481,Other,single,,,,71,Ethiopia,single,,,,5294,United Nations Development Programme,single,Multilateral Organizations,UN Agencies,International Actors,49,2028,single,,,,,,,,,,Primary,"Switzerland, Government of",Email,2024-01-12T00:00:00.000Z
304365,1197605,2028,,financial,2024-03-28T09:03:11.448Z,2024-01-12T00:00:00Z,2024-01-12T00:00:00Z,Household food security,earmarked,0.835,2024-01-12T00:00:00Z,Standard,,TRUE,1000000,CHF,Traditional aid,,commitment,2024-03-28T09:03:11.448Z,1,incoming,single,7F-10283.03,,217,Switzerland,single,,,,2924,"Switzerland, Government of",single,Governments,National Governments,National and Sub-National State Actors,49,2028,single,,,,6,Food Security,single,,,,116,Kenya,single,,,,4319,International NGOs (Confidential),single,NGOs,International NGOs,International Actors,49,2028,single,,,,,,,,,,Primary,"Switzerland, Government of",Email,2024-01-12T00:00:00.000Z
304456,758342,,,financial,2024-03-28T14:53:38.488Z,2022-05-18T00:00:00Z,2022-05-18T00:00:00Z,Sexual and gender.based violence  (SGBV) prevention and response project in the Horn of Africa (HoA),earmarked,0.989,2022-06-16T00:00:00Z,Standard,Multiyear,TRUE,750000,CHF,Traditional aid,254212,commitment,2024-03-28T14:53:38.488Z,1,incoming,single,7F-10875.99,,217,Switzerland,single,,,,2924,"Switzerland, Government of",single,Governments,National Governments,National and Sub-National State Actors,43,2022,single,,,,13,Protection - Gender-Based Violence,single,,,,211; 116; 233; 69; 206; 71; 62; 212,South Sudan; Kenya; Uganda; Eritrea; Somalia; Ethiopia; Djibouti; Sudan,shared; shared; shared; shared; shared; shared; shared; shared,NULL; NULL; NULL; NULL; NULL; NULL; NULL; NULL,NULL; NULL; NULL; NULL; NULL; NULL; NULL; NULL,NULL; NULL; NULL; NULL; NULL; NULL; NULL; NULL,2646,Swiss Development Cooperation/Swiss Humanitarian Aid,single,Governments,International Government Entities,International Actors,49,2028,single,,,,,,,,,,Primary,"Switzerland, Government of",Email,2022-06-16T00:00:00.000Z
304466,1017964,2028,,financial,2024-03-28T18:18:03.518Z,2024-01-14T00:00:00Z,2022-01-14T00:00:00Z,Humanitarian efficiency,earmarked,0.835,2024-01-14T00:00:00Z,Standard,,TRUE,850000,CHF,Traditional aid,,commitment,2024-03-28T18:18:03.518Z,1,incoming,single,7F-10326.99,,217,Switzerland,single,,,,2924,"Switzerland, Government of",single,Governments,National Governments,National and Sub-National State Actors,49,2028,single,,,,26480,Coordination and support services,single,,,,206; 71; 69; 62,Somalia; Ethiopia; Eritrea; Djibouti,shared; shared; shared; shared,NULL; NULL; NULL; NULL,NULL; NULL; NULL; NULL,NULL; NULL; NULL; NULL,4543,Private (individuals & organizations),single,Private Organizations,International Private Organizations,International Actors,49,2028,single,,,,,,,,,,Primary,"Switzerland, Government of",Email,2024-01-14T00:00:00.000Z
304484,182036,2028,,financial,2024-03-28T19:14:23.301Z,2024-01-14T00:00:00Z,2022-01-14T00:00:00Z,Protection,earmarked,0.835,2024-01-14T00:00:00Z,Standard,,TRUE,152000,CHF,Traditional aid,,commitment,2024-03-28T19:14:23.301Z,1,incoming,single,7F-10366.04,,217,Switzerland,single,,,,2924,"Switzerland, Government of",single,Governments,National Governments,National and Sub-National State Actors,49,2028,single,,,,10,Protection,single,,,,52,Democratic Republic of the Congo,single,,,,6865,International NGO Safety Organisation,single,NGOs,International NGOs,International Actors,49,2028,single,,,,,,,,,,Primary,"Switzerland, Government of",Email,2024-01-14T00:00:00.000Z
304533,2994012,2028,,financial,2024-03-29T07:00:01.669Z,2024-01-14T00:00:00Z,2022-01-14T00:00:00Z,Programme Paix et Cohés. sociale,earmarked,0.835,2024-01-14T00:00:00Z,Standard,,TRUE,2500000,CHF,Traditional aid,,commitment,2024-03-29T07:00:01.669Z,1,incoming,single,7F-10979.99,,217,Switzerland,single,,,,2924,"Switzerland, Government of",single,Governments,National Governments,National and Sub-National State Actors,49,2028,single,,,,10,Protection,single,,,,36,Burkina Faso,single,,,,4319,International NGOs (Confidential),single,NGOs,International NGOs,International Actors,49,2028,single,,,,,,,,,,Primary,"Switzerland, Government of",Email,2024-01-14T00:00:00.000Z
304574,59880,2028,,financial,2024-03-29T08:10:28.036Z,2024-01-14T00:00:00Z,2022-01-14T00:00:00Z,Humanitarian efficiency,earmarked,0.835,2024-01-14T00:00:00Z,Standard,,TRUE,50000,CHF,Traditional aid,,commitment,2024-03-29T08:10:28.036Z,1,incoming,single,7F-11016.03,,217,Switzerland,single,,,,2924,"Switzerland, Government of",single,Governments,National Governments,National and Sub-National State Actors,49,2028,single,,,,26480,Coordination and support services,single,,,,217,Switzerland,single,,,,31,MapAction,single,NGOs,International NGOs,International Actors,49,2028,single,,,,,,,,,,Primary,"Switzerland, Government of",Email,2024-01-14T00:00:00.000Z
304639,179641,2028,,financial,2024-03-29T10:30:21.816Z,2024-01-14T00:00:00Z,2022-01-14T00:00:00Z,Third Party Monitoring in Northern Syria,earmarked,0.835,2024-01-14T00:00:00Z,Standard,,TRUE,150000,CHF,Traditional aid,,commitment,2024-05-30T14:20:18.326Z,1,incoming,single,7F-11091.01,,217,Switzerland,single,,,,2924,"Switzerland, Government of",single,Governments,National Governments,National and Sub-National State Actors,49,2028,single,,,,26480,Coordination and support services,single,,,,218,Syrian Arab Republic,single,,,,4543,Private (individuals & organizations),single,Private Organizations,International Private Organizations,International Actors,49,2028,single,,,,,,,,,,Primary,"Switzerland, Government of",Email,2024-01-14T00:00:00.000Z
304717,104167,2028,,financial,2024-03-29T14:22:20.907Z,2022-10-27T00:00:00Z,2022-09-29T00:00:00Z,"Protection,",earmarked,0.96,2024-01-14T00:00:00Z,Standard,,TRUE,100000,CHF,Traditional aid,,commitment,2024-03-29T14:22:20.907Z,1,incoming,single,7F-10792.03,,217,Switzerland,single,,,,2924,"Switzerland, Government of",single,Governments,National Governments,National and Sub-National State Actors,49,2028,single,,,,10,Protection,single,,,,52,Democratic Republic of the Congo,single,,,,558,Buco Cotonou,single,Governments,National Governments,National and Sub-National State Actors,49,2028,single,,,,,,,,,,Primary,"Switzerland, Government of",Email,2024-01-14T00:00:00.000Z
304771,434896,2028,,financial,2024-03-29T18:38:51.233Z,2022-10-27T00:00:00Z,2022-09-29T00:00:00Z,Agricultural development,earmarked,0.96,2024-01-14T00:00:00Z,Standard,,TRUE,417500,CHF,Traditional aid,,commitment,2024-03-29T18:38:51.233Z,1,incoming,single,7F-10474.99,,217,Switzerland,single,,,,2924,"Switzerland, Government of",single,Governments,National Governments,National and Sub-National State Actors,49,2028,single,,,,6,Food Security,single,,,,211,South Sudan,single,,,,4305,Mercy Corps,single,NGOs,International NGOs,International Actors,49,2028,single,,,,957,Sudan Complex Emergency 2023,single,,,,Primary,"Switzerland, Government of",Email,2024-01-14T00:00:00.000Z
304794,625000,2028,,financial,2024-03-29T19:29:23.528Z,2022-10-27T00:00:00Z,2022-09-29T00:00:00Z,Sexual & Gender-based violence,earmarked,0.96,2024-01-14T00:00:00Z,Standard,,TRUE,600000,CHF,Traditional aid,,commitment,2024-03-29T19:29:23.528Z,1,incoming,single,7F-10501.99,,217,Switzerland,single,,,,2924,"Switzerland, Government of",single,Governments,National Governments,National and Sub-National State Actors,49,2028,single,,,,13,Protection - Gender-Based Violence,single,,,,52,Democratic Republic of the Congo,single,,,,4319,International NGOs (Confidential),single,NGOs,International NGOs,International Actors,49,2028,single,,,,,,,,,,Primary,"Switzerland, Government of",Email,2024-01-14T00:00:00.000Z
304802,729167,2028,,financial,2024-03-29T19:38:20.023Z,2022-10-27T00:00:00Z,2022-09-29T00:00:00Z,Household food security,earmarked,0.96,2024-01-14T00:00:00Z,Standard,,TRUE,700000,CHF,Traditional aid,,commitment,2024-03-29T19:38:20.023Z,1,incoming,single,7F-10504.99,,217,Switzerland,single,,,,2924,"Switzerland, Government of",single,Governments,National Governments,National and Sub-National State Actors,49,2028,single,,,,6,Food Security,single,,,,52,Democratic Republic of the Congo,single,,,,4533,HEKS - Hilfswerk der Evangelischen Kirchen Schweiz,single,NGOs,International NGOs,International Actors,49,2028,single,,,,,,,,,,Primary,"Switzerland, Government of",Email,2024-01-14T00:00:00.000Z
304911,913242,2028,,financial,2024-03-30T11:28:41.523Z,2022-01-20T00:00:00Z,,Food safety and quality,earmarked,0.876,2024-01-14T00:00:00Z,Standard,,TRUE,800000,CHF,Cash transfer programming (CTP),,commitment,2024-03-30T11:28:41.523Z,1,incoming,single,7F-10754.03,,217,Switzerland,single,,,,2924,"Switzerland, Government of",single,Governments,National Governments,National and Sub-National State Actors,49,2028,single,,,,6,Food Security,single,,,,52,Democratic Republic of the Congo,single,,,,3230,Solidarités International,single,NGOs,International NGOs,International Actors,49,2028,single,,,,,,,,,,Primary,"Switzerland, Government of",Email,2024-01-14T00:00:00.000Z
304922,570776,2028,,financial,2024-03-30T11:50:39.265Z,2022-01-20T00:00:00Z,,Water sanitation,earmarked,0.876,2024-01-14T00:00:00Z,Standard,,TRUE,500000,CHF,Traditional aid,,commitment,2024-03-30T11:50:39.265Z,1,incoming,single,7F-10727.99,,217,Switzerland,single,,,,2924,"Switzerland, Government of",single,Governments,National Governments,National and Sub-National State Actors,49,2028,single,,,,11,Water Sanitation Hygiene,single,,,,4; 71; 212; 211; 52; 44; 162; 163; 36; 43; 127; 137; 39,Algeria; Ethiopia; Sudan; South Sudan; Democratic Republic of the Congo; Chad; Niger; Nigeria; Burkina Faso; Central African Republic; Libya; Mali; Cameroon,shared; shared; shared; shared; shared; shared; shared; shared; shared; shared; shared; shared; shared,NULL; NULL; NULL; NULL; NULL; NULL; NULL; NULL; NULL; NULL; NULL; NULL; NULL,NULL; NULL; NULL; NULL; NULL; NULL; NULL; NULL; NULL; NULL; NULL; NULL; NULL,NULL; NULL; NULL; NULL; NULL; NULL; NULL; NULL; NULL; NULL; NULL; NULL; NULL,4393,International Federation of Red Cross and Red Crescent Societies,single,Red Cross/Red Crescent Organizations,International Red Cross/Red Crescent Movement,International Actors,49,2028,single,,,,,,,,,,Primary,"Switzerland, Government of",Email,2024-01-14T00:00:00.000Z
304943,0,,304945|304946|304947|304948|304949,financial,2024-03-31T17:43:20.979Z,2024-03-26T00:00:00Z,2024-03-26T00:00:00Z,Restoring Livelihoods and Revitalizing Rural Communities Affected by Mines and Explosive Remnants of War,earmarked,1.348,2024-03-27T00:00:00Z,Parked,Multiyear,TRUE,0,CAD,Cash transfer programming (CTP),,pledge,2025-01-16T17:38:44.933Z,1,incoming,shared,OSRO/UKR/031/CAN  Project no.: P012671 PO No: 7457656,1691395,40,Canada,single,,,,2928,"Canada, Government of",single,Governments,National Governments,National and Sub-National State Actors,45,2024,single,,,,6,Food Security,single,,,,234,Ukraine,single,,,,4399,Food and Agriculture Organization of the United Nations,single,Multilateral Organizations,UN Agencies,International Actors,45; 46; 47; 48; 49,2024; 2025; 2026; 2027; 2028,shared; shared; shared; shared; shared,NULL; NULL; NULL; NULL; NULL,NULL; NULL; NULL; NULL; NULL,NULL; NULL; NULL; NULL; NULL,,,,,,,Primary,Food and Agriculture Organization of the United Nations,Email,2024-03-28T00:00:00.000Z
304944,0,,304950|304951|304952|304953|304954,financial,2024-03-31T17:46:29.268Z,2024-03-26T00:00:00Z,2024-03-26T00:00:00Z,Restoring Livelihoods and Revitalizing Rural Communities Affected by Mines and Explosive Remnants of War,earmarked,1.348,2024-03-27T00:00:00Z,Parked,Multiyear,TRUE,0,CAD,Traditional aid,,pledge,2025-01-16T17:39:17.105Z,1,incoming,shared,OSRO/UKR/031/CAN  Project no.: P012671 PO No: 7457656,5727003,40,Canada,single,,,,2928,"Canada, Government of",single,Governments,National Governments,National and Sub-National State Actors,45,2024,single,,,,6,Food Security,single,,,,234,Ukraine,single,,,,4399,Food and Agriculture Organization of the United Nations,single,Multilateral Organizations,UN Agencies,International Actors,45; 46; 47; 48; 49,2024; 2025; 2026; 2027; 2028,shared; shared; shared; shared; shared,NULL; NULL; NULL; NULL; NULL,NULL; NULL; NULL; NULL; NULL,NULL; NULL; NULL; NULL; NULL,,,,,,,Primary,Food and Agriculture Organization of the United Nations,Email,2024-03-28T00:00:00.000Z
304949,338279,,,financial,2024-03-31T18:03:58.235Z,2024-03-26T00:00:00Z,2024-03-26T00:00:00Z,Restoring Livelihoods and Revitalizing Rural Communities Affected by Mines and Explosive Remnants of War,earmarked,1.348,2024-03-27T00:00:00Z,Parked,Multiyear,TRUE,456000,CAD,Cash transfer programming (CTP),304943,pledge,2024-03-31T18:04:53.537Z,1,incoming,single,OSRO/UKR/031/CAN  Project no.: P012671 PO No: 7457656,338279,40,Canada,single,,,,2928,"Canada, Government of",single,Governments,National Governments,National and Sub-National State Actors,45,2024,single,,,,6,Food Security,single,,,,234,Ukraine,single,,,,4399,Food and Agriculture Organization of the United Nations,single,Multilateral Organizations,UN Agencies,International Actors,49,2028,single,,,,,,,,,,Primary,Food and Agriculture Organization of the United Nations,Email,2024-03-28T00:00:00.000Z
304954,1145400,,,financial,2024-03-31T18:21:51.188Z,2024-03-26T00:00:00Z,2024-03-26T00:00:00Z,Restoring Livelihoods and Revitalizing Rural Communities Affected by Mines and Explosive Remnants of War,earmarked,1.348,2024-03-27T00:00:00Z,Parked,Multiyear,TRUE,1543999,CAD,Traditional aid,304944,pledge,2024-03-31T18:28:23.662Z,1,incoming,single,OSRO/UKR/031/CAN  Project no.: P012671 PO No: 7457656,1145400,40,Canada,single,,,,2928,"Canada, Government of",single,Governments,National Governments,National and Sub-National State Actors,45,2024,single,,,,6,Food Security,single,,,,234,Ukraine,single,,,,4399,Food and Agriculture Organization of the United Nations,single,Multilateral Organizations,UN Agencies,International Actors,49,2028,single,,,,,,,,,,Primary,Food and Agriculture Organization of the United Nations,Email,2024-03-28T00:00:00.000Z
307395,257405,2023,,financial,2024-05-06T15:12:01.025Z,2023-07-26T00:00:00Z,2023-07-26T00:00:00Z,Minimum Services Package MHPSS II,earmarked,0.95,2024-01-04T00:00:00Z,Standard,,TRUE,244535,EUR,Traditional aid,,paid,2024-05-06T15:12:01.025Z,1,incoming,single,4000006562,,157,Netherlands,single,,,,3008,"Netherlands, Government of",single,Governments,National Governments,National and Sub-National State Actors,44,2023,single,,,,7,Health,single,,,,251,Global,single,,,,4398,World Health Organization,single,Multilateral Organizations,UN Agencies,International Actors,49,2028,single,,,,,,,,,,Primary,"Netherlands, Government of",Email,2024-01-04T00:00:00.000Z
308325,1197605,2028,,financial,2024-05-13T15:10:50.837Z,2024-01-12T00:00:00Z,,Education facilities&material,softly earmarked,0.835,2024-01-12T00:00:00Z,Standard,,TRUE,1000000,CHF,Traditional aid,,commitment,2024-05-13T15:10:50.837Z,1,incoming,single,7F-08002.07,,217,Switzerland,single,,,,2924,"Switzerland, Government of",single,Governments,National Governments,National and Sub-National State Actors,49,2028,single,,,,3,Education,single,,,,96,Haiti,single,,,,2646,Swiss Development Cooperation/Swiss Humanitarian Aid,single,Governments,International Government Entities,International Actors,49,2028,single,,,,,,,,,,Primary,"Switzerland, Government of",Email,2024-01-12T00:00:00.000Z
310126,0,2024,310127,financial,2024-05-22T10:20:15.376Z,2024-02-06T00:00:00Z,2024-02-06T00:00:00Z,Out of plan	HDP (development)	Project to Strengthen Agricultural Opportunities Through Training and Technological Investment (PROFIT) – Phase II,softly earmarked,41.7533,2024-05-22T00:00:00Z,Parked,Multiyear,TRUE,0,NOK,Traditional aid,,commitment,2024-05-22T10:21:00.933Z,1,incoming,shared,HTI/24/02/NOR,948524,167,Norway,single,,,,2930,"Norway, Government of",single,Governments,National Governments,National and Sub-National State Actors,45,2024,single,,,,,,,,,,96,Haiti,single,,,,2994,International Labour Organization,single,Multilateral Organizations,UN Agencies,International Actors,45; 46; 47; 48; 49,2024; 2025; 2026; 2027; 2028,shared; shared; shared; shared; shared,NULL; NULL; NULL; NULL; NULL,NULL; NULL; NULL; NULL; NULL,NULL; NULL; NULL; NULL; NULL,,,,,,,Primary,International Labour Organization,Email,2024-05-22T00:00:00.000Z
310771,2,2024,310776|310774|310773|310772|310775,financial,2024-05-25T10:13:50.649Z,2024-05-25T00:00:00Z,2024-03-18T00:00:00Z,"Integrated, protective education and realization of human rights for crisis affected girls and boys in South Sudan",unearmarked,,2024-05-08T00:00:00Z,Parked,Multiyear,FALSE,,,Traditional aid,,paid,2025-02-28T12:41:48.181Z,1,incoming,shared,SCI-SOF:57801767,1633660,,,,,,,2849,Save the Children,single,NGOs,International NGOs,International Actors,45,2024,single,,,,26479,Multi-sector,single,,,,211,South Sudan,single,,,,8158,Africa Development Aid,single,NGOs,National NGOs/CSOs,Local and National Non-State Actors,45; 46; 47; 48; 49,2024; 2025; 2026; 2027; 2028,shared; shared; shared; shared; shared,NULL; NULL; NULL; NULL; NULL,NULL; NULL; NULL; NULL; NULL,NULL; NULL; NULL; NULL; NULL,,,,,,,Primary,Africa Development Aid,Email,2024-05-08T00:00:00.000Z
310775,339534,2024,,financial,2024-05-25T10:17:27.529Z,2024-05-25T00:00:00Z,2024-03-18T00:00:00Z,"Integrated, protective education and realization of human rights for crisis affected girls and boys in South Sudan",unearmarked,,2024-05-08T00:00:00Z,Pass through,,FALSE,,,Traditional aid,310771,paid,2024-05-25T10:19:25.677Z,1,incoming,single,SCI-SOF:57801767,,,,,,,,2849,Save the Children,single,NGOs,International NGOs,International Actors,45,2024,single,,,,26479,Multi-sector,single,,,,211,South Sudan,single,,,,8158,Africa Development Aid,single,NGOs,National NGOs/CSOs,Local and National Non-State Actors,49,2028,single,,,,,,,,,,Primary,Africa Development Aid,Email,2024-05-08T00:00:00.000Z
311371,179641,2028,,financial,2024-05-29T13:07:23.381Z,2024-01-12T00:00:00Z,2024-01-12T00:00:00Z,Children's Rights,softly earmarked,0.835,2024-01-12T00:00:00Z,Standard,,TRUE,150000,CHF,Traditional aid,,commitment,2024-05-29T13:07:23.381Z,1,incoming,single,7F-09537.03,,217,Switzerland,single,,,,2924,"Switzerland, Government of",single,Governments,National Governments,National and Sub-National State Actors,49,2028,single,,,,12,Protection - Child Protection,single,,,,171,Occupied Palestinian Territory,single,,,,2915,United Nations Children's Fund,single,Multilateral Organizations,UN Agencies,International Actors,49,2028,single,,,,962,oPt Complex Emergency 2023-24,single,,,,Primary,"Switzerland, Government of",Email,2024-01-12T00:00:00.000Z
311385,973054,2028,,financial,2024-05-29T14:02:51.226Z,2024-01-12T00:00:00Z,2024-01-12T00:00:00Z,Disaster Risk Reduction (DRR),softly earmarked,0.835,2024-01-12T00:00:00Z,Standard,,TRUE,812500,CHF,Traditional aid,,commitment,2024-05-29T14:02:51.226Z,1,incoming,single,7F-09710.01,,217,Switzerland,single,,,,2924,"Switzerland, Government of",single,Governments,National Governments,National and Sub-National State Actors,49,2028,single,,,,26481,Other,single,,,,220,Tajikistan,single,,,,4761,Aga Khan Foundation,single,NGOs,International NGOs,International Actors,49,2028,single,,,,,,,,,,Primary,"Switzerland, Government of",Email,2024-01-12T00:00:00.000Z
311389,1197605,2028,,financial,2024-05-29T14:16:55.105Z,2024-01-16T00:00:00Z,2024-01-16T00:00:00Z,Resilience & early recovery,earmarked,0.835,2024-01-16T00:00:00Z,Standard,,TRUE,1000000,CHF,Traditional aid,,commitment,2024-05-29T14:16:55.105Z,1,incoming,single,7F-09750.01,,217,Switzerland,single,,,,2924,"Switzerland, Government of",single,Governments,National Governments,National and Sub-National State Actors,49,2028,single,,,,2,Early Recovery,single,,,,218,Syrian Arab Republic,single,,,,4319,International NGOs (Confidential),single,NGOs,International NGOs,International Actors,49,2028,single,,,,600,Syrian Arab Republic - Civil Unrest (from 2012),single,,,,Primary,"Switzerland, Government of",Email,2024-01-16T00:00:00.000Z
311398,1659292,2027,,financial,2024-05-29T17:14:21.229Z,2024-01-12T00:00:00Z,2023-06-14T00:00:00Z,"Protection,",earmarked,0.904,2024-04-10T00:00:00Z,Standard,,TRUE,1500000,CHF,Traditional aid,,paid,2024-05-29T17:14:21.229Z,1,incoming,single,7F-10007,,217,Switzerland,single,,,,2924,"Switzerland, Government of",single,Governments,National Governments,National and Sub-National State Actors,49,2028,single,,,,10,Protection,single,,,,1,Afghanistan,single,,,,4319,International NGOs (Confidential),single,NGOs,International NGOs,International Actors,49,2028,single,,,,,,,,,,Primary,"Switzerland, Government of",Email,2024-04-10T00:00:00.000Z
311399,368731,2028,,financial,2024-05-29T17:16:36.707Z,2024-01-12T00:00:00Z,2023-06-14T00:00:00Z,Soutien aux activités d'INSO au Sahel,earmarked,0.904,2024-04-10T00:00:00Z,Standard,,TRUE,333333,CHF,Traditional aid,,commitment,2024-05-29T17:16:36.707Z,1,incoming,single,7F-10009,,217,Switzerland,single,,,,2924,"Switzerland, Government of",single,Governments,National Governments,National and Sub-National State Actors,49,2028,single,,,,10,Protection,single,,,,36,Burkina Faso,single,,,,6865,International NGO Safety Organisation,single,NGOs,International NGOs,International Actors,49,2028,single,,,,,,,,,,Primary,"Switzerland, Government of",Email,2024-04-10T00:00:00.000Z
311489,3311258,2028,,financial,2024-05-30T06:55:21.954Z,2024-04-10T00:00:00Z,2024-04-10T00:00:00Z,Protection,softly earmarked,0.906,2024-04-10T00:00:00Z,Standard,,TRUE,3000000,CHF,Traditional aid,,commitment,2024-05-30T06:55:21.954Z,1,incoming,single,7F-10146,,217,Switzerland,single,,,,2924,"Switzerland, Government of",single,Governments,National Governments,National and Sub-National State Actors,49,2028,single,,,,10,Protection,single,,,,1,Afghanistan,single,,,,4319,International NGOs (Confidential),single,NGOs,International NGOs,International Actors,49,2028,single,,,,,,,,,,Primary,"Switzerland, Government of",Email,2024-04-10T00:00:00.000Z
311555,771605,2028,,financial,2024-05-30T10:45:57.346Z,2024-01-12T00:00:00Z,2024-01-12T00:00:00Z,UNHAS - Accès aux bénéficiaires,earmarked,0.972,2024-04-10T00:00:00Z,Standard,,TRUE,750000,CHF,Traditional aid,,commitment,2024-05-30T10:45:57.346Z,1,incoming,single,7F-10527,,217,Switzerland,single,,,,2924,"Switzerland, Government of",single,Governments,National Governments,National and Sub-National State Actors,49,2028,single,,,,8,Logistics,single,,,,137,Mali,single,,,,3049,World Food Programme,single,Multilateral Organizations,UN Agencies,International Actors,49,2028,single,,,,,,,,,,Primary,"Switzerland, Government of",Email,2024-04-10T00:00:00.000Z
311556,771605,2028,,financial,2024-05-30T10:47:11.422Z,2024-01-12T00:00:00Z,2024-01-12T00:00:00Z,UNHAS - Accès aux bénéficiaires,earmarked,0.972,2024-04-10T00:00:00Z,Standard,,TRUE,750000,CHF,Traditional aid,,commitment,2024-05-30T10:47:11.422Z,1,incoming,single,7F-10527,,217,Switzerland,single,,,,2924,"Switzerland, Government of",single,Governments,National Governments,National and Sub-National State Actors,49,2028,single,,,,8,Logistics,single,,,,36,Burkina Faso,single,,,,3049,World Food Programme,single,Multilateral Organizations,UN Agencies,International Actors,49,2028,single,,,,,,,,,,Primary,"Switzerland, Government of",Email,2024-04-10T00:00:00.000Z
311564,771605,2028,,financial,2024-05-30T10:51:04.380Z,2024-01-12T00:00:00Z,2024-01-12T00:00:00Z,UNHAS - Accès aux bénéficiaires,earmarked,0.972,2024-04-10T00:00:00Z,Standard,,TRUE,750000,CHF,Traditional aid,,commitment,2024-05-30T10:51:04.380Z,1,incoming,single,7F-10527,,217,Switzerland,single,,,,2924,"Switzerland, Government of",single,Governments,National Governments,National and Sub-National State Actors,49,2028,single,,,,8,Logistics,single,,,,162,Niger,single,,,,3049,World Food Programme,single,Multilateral Organizations,UN Agencies,International Actors,49,2028,single,,,,,,,,,,Primary,"Switzerland, Government of",Email,2024-04-10T00:00:00.000Z
311588,119760,2028,,financial,2024-05-30T11:31:58.736Z,2024-04-10T00:00:00Z,2024-04-10T00:00:00Z,Reintegration,earmarked,0.835,2024-04-10T00:00:00Z,Standard,,TRUE,100000,CHF,Traditional aid,,commitment,2024-05-30T11:31:58.736Z,1,incoming,single,7F-10623,,217,Switzerland,single,,,,2924,"Switzerland, Government of",single,Governments,National Governments,National and Sub-National State Actors,49,2028,single,,,,12,Protection - Child Protection,single,,,,163,Nigeria,single,,,,2915,United Nations Children's Fund,single,Multilateral Organizations,UN Agencies,International Actors,49,2028,single,,,,,,,,,,Primary,"Switzerland, Government of",Email,2024-04-10T00:00:00.000Z
311599,3592814,2028,,financial,2024-05-30T11:45:13.674Z,2024-04-10T00:00:00Z,2024-04-10T00:00:00Z,Food and Agri. Sustainability for Liveli,earmarked,0.835,2024-04-10T00:00:00Z,Standard,,TRUE,3000000,CHF,Traditional aid,,commitment,2024-05-30T11:45:13.674Z,1,incoming,single,7F-10707,,217,Switzerland,single,,,,2924,"Switzerland, Government of",single,Governments,National Governments,National and Sub-National State Actors,49,2028,single,,,,6,Food Security,single,,,,1,Afghanistan,single,,,,4761,Aga Khan Foundation,single,NGOs,International NGOs,International Actors,49,2028,single,,,,,,,,,,Primary,"Switzerland, Government of",Email,2024-04-10T00:00:00.000Z
311617,718563,2028,,financial,2024-05-30T12:29:47.888Z,2024-01-14T00:00:00Z,2022-01-14T00:00:00Z,Food security policy,earmarked,0.835,2024-04-10T00:00:00Z,Standard,,TRUE,600000,CHF,Traditional aid,,commitment,2024-05-30T12:29:47.888Z,1,incoming,single,7F-10827,,217,Switzerland,single,,,,2924,"Switzerland, Government of",single,Governments,National Governments,National and Sub-National State Actors,49,2028,single,,,,6,Food Security,single,,,,163,Nigeria,single,,,,4399,Food and Agriculture Organization of the United Nations,single,Multilateral Organizations,UN Agencies,International Actors,49,2028,single,,,,,,,,,,Primary,"Switzerland, Government of",Email,2024-04-10T00:00:00.000Z
311644,4790419,2028,,financial,2024-05-30T13:16:43.293Z,2024-04-10T00:00:00Z,2024-04-10T00:00:00Z,Climate Resilience,earmarked,0.835,2024-04-10T00:00:00Z,Standard,,TRUE,4000000,CHF,Traditional aid,,commitment,2024-05-30T13:16:43.293Z,1,incoming,single,7F-10965,,217,Switzerland,single,,,,2924,"Switzerland, Government of",single,Governments,National Governments,National and Sub-National State Actors,49,2028,single,,,,6,Food Security,single,,,,1,Afghanistan,single,,,,4761,Aga Khan Foundation,single,NGOs,International NGOs,International Actors,49,2028,single,,,,,,,,,,Primary,"Switzerland, Government of",Email,2024-04-10T00:00:00.000Z
311649,359281,2028,,financial,2024-05-30T13:31:03.826Z,2024-04-10T00:00:00Z,2024-04-10T00:00:00Z,Climate & Socially Resilient Livelihoods,earmarked,0.835,2024-04-10T00:00:00Z,Standard,,TRUE,300000,CHF,Traditional aid,,commitment,2024-05-30T13:31:03.826Z,1,incoming,single,7F-10974,,217,Switzerland,single,,,,2924,"Switzerland, Government of",single,Governments,National Governments,National and Sub-National State Actors,49,2028,single,,,,26512,Agriculture,single,,,,1,Afghanistan,single,,,,4319,International NGOs (Confidential),single,NGOs,International NGOs,International Actors,49,2028,single,,,,,,,,,,Primary,"Switzerland, Government of",Email,2024-04-10T00:00:00.000Z
311660,658683,2028,,financial,2024-05-30T13:40:16.066Z,2024-04-10T00:00:00Z,2024-04-10T00:00:00Z,Integrated Protection,earmarked,0.835,2024-04-10T00:00:00Z,Standard,,TRUE,550000,CHF,Traditional aid,,commitment,2024-05-30T13:40:16.066Z,1,incoming,single,7F-10976,,217,Switzerland,single,,,,2924,"Switzerland, Government of",single,Governments,National Governments,National and Sub-National State Actors,49,2028,single,,,,10,Protection,single,,,,163,Nigeria,single,,,,3001,International Rescue Committee,single,NGOs,International NGOs,International Actors,49,2028,single,,,,,,,,,,Primary,"Switzerland, Government of",Email,2024-04-10T00:00:00.000Z
311682,3592814,2028,,financial,2024-05-30T15:45:08.272Z,2024-01-14T00:00:00Z,2024-04-10T00:00:00Z,Afghanistan,earmarked,0.835,2024-04-10T00:00:00Z,Standard,,TRUE,3000000,CHF,Traditional aid,,commitment,2024-05-30T15:45:08.272Z,1,incoming,single,7F-11109,,217,Switzerland,single,,,,2924,"Switzerland, Government of",single,Governments,National Governments,National and Sub-National State Actors,49,2028,single,,,,26479,Multi-sector,single,,,,1,Afghanistan,single,,,,2967,International Committee of the Red Cross,single,Red Cross/Red Crescent Organizations,International Red Cross/Red Crescent Movement,International Actors,49,2028,single,,,,,,,,,,Primary,"Switzerland, Government of",Email,2024-04-10T00:00:00.000Z
311685,598802,2028,,financial,2024-05-30T15:47:53.984Z,2023-01-12T00:00:00Z,,Disaster Risk Reduction (DRR),earmarked,0.835,2024-01-12T00:00:00Z,Standard,,TRUE,500000,CHF,Traditional aid,,commitment,2024-05-30T15:47:53.984Z,1,incoming,single,7F-11113.99,,217,Switzerland,single,,,,2924,"Switzerland, Government of",single,Governments,National Governments,National and Sub-National State Actors,49,2028,single,,,,2,Early Recovery,single,,,,220,Tajikistan,single,,,,4761,Aga Khan Foundation,single,NGOs,International NGOs,International Actors,49,2028,single,,,,,,,,,,Primary,"Switzerland, Government of",Email,2024-01-12T00:00:00.000Z
311722,2994012,2028,,financial,2024-05-30T16:56:07.374Z,2024-01-12T00:00:00Z,2024-01-12T00:00:00Z,AFG Resilience Trust Fund,unearmarked,0.835,2024-04-10T00:00:00Z,Standard,,TRUE,2500000,CHF,Traditional aid,,commitment,2024-05-30T16:56:07.374Z,1,incoming,single,7F-11249,,217,Switzerland,single,,,,2924,"Switzerland, Government of",single,Governments,National Governments,National and Sub-National State Actors,49,2028,single,,,,,,,,,,1,Afghanistan,single,,,,1481,Afghan Reconstruction Trust Fund,single,Pooled Funds,Other Pooled Funds,Pooled Funds,49,2028,single,,,,,,,,,,Primary,"Switzerland, Government of",Email,2024-04-10T00:00:00.000Z
311723,1197605,2028,,financial,2024-05-30T16:58:30.584Z,2024-01-12T00:00:00Z,2024-01-12T00:00:00Z,Amélioration protection popul. vulnerab - Human rights,earmarked,0.835,2024-01-12T00:00:00Z,Standard,,TRUE,1000000,CHF,Traditional aid,,commitment,2024-05-30T16:58:30.584Z,1,incoming,single,7F-11250.99,,217,Switzerland,single,,,,2924,"Switzerland, Government of",single,Governments,National Governments,National and Sub-National State Actors,49,2028,single,,,,10,Protection,single,,,,96,Haiti,single,,,,4319,International NGOs (Confidential),single,NGOs,International NGOs,International Actors,49,2028,single,,,,,,,,,,Primary,"Switzerland, Government of",Email,2024-01-12T00:00:00.000Z
311736,2395210,2028,,financial,2024-05-30T17:14:31.414Z,2024-01-12T00:00:00Z,2024-01-12T00:00:00Z,"Primary health care
--- Health",earmarked,0.835,2024-01-12T00:00:00Z,Standard,,TRUE,2000000,CHF,Traditional aid,,commitment,2024-05-30T17:14:31.414Z,1,incoming,single,7F-11264,,217,Switzerland,single,,,,2924,"Switzerland, Government of",single,Governments,National Governments,National and Sub-National State Actors,49,2028,single,,,,7,Health,single,,,,146,"Moldova, Republic of",single,,,,13812,Plan Bleu,single,NGOs,International NGOs,International Actors,49,2028,single,,,,951,Ukraine Crisis 2022,single,,,,Primary,"Switzerland, Government of",Email,2024-01-12T00:00:00.000Z
311737,2395210,2028,,financial,2024-05-30T17:16:08.388Z,2024-01-12T00:00:00Z,2024-01-12T00:00:00Z,Social Cohesion and Peace,earmarked,0.835,2024-01-12T00:00:00Z,Standard,,TRUE,2000000,CHF,Traditional aid,,commitment,2024-05-30T17:16:08.388Z,1,incoming,single,7F-11265,,217,Switzerland,single,,,,2924,"Switzerland, Government of",single,Governments,National Governments,National and Sub-National State Actors,49,2028,single,,,,2,Early Recovery,single,,,,146,"Moldova, Republic of",single,,,,4319,International NGOs (Confidential),single,NGOs,International NGOs,International Actors,49,2028,single,,,,951,Ukraine Crisis 2022,single,,,,Primary,"Switzerland, Government of",Email,2024-01-12T00:00:00.000Z
311746,2395210,2028,,financial,2024-05-30T17:30:57.062Z,2024-01-12T00:00:00Z,2024-01-12T00:00:00Z,Women?s socio-econom. political equality,earmarked,0.835,2024-04-10T00:00:00Z,Standard,,TRUE,2000000,CHF,Traditional aid,,commitment,2024-05-30T17:30:57.062Z,1,incoming,single,7F-11266.01,,217,Switzerland,single,,,,2924,"Switzerland, Government of",single,Governments,National Governments,National and Sub-National State Actors,49,2028,single,,,,2,Early Recovery,single,,,,146,"Moldova, Republic of",single,,,,5294,United Nations Development Programme,single,Multilateral Organizations,UN Agencies,International Actors,49,2028,single,,,,951,Ukraine Crisis 2022,single,,,,Primary,"Switzerland, Government of",Email,2024-04-10T00:00:00.000Z
311759,2994012,2028,,financial,2024-05-30T18:16:16.637Z,2024-04-10T00:00:00Z,2024-04-10T00:00:00Z,Women Society Organization,earmarked,0.835,2024-04-10T00:00:00Z,Standard,,TRUE,2500000,CHF,Traditional aid,,commitment,2024-05-30T18:16:16.637Z,1,incoming,single,7F-11333,,217,Switzerland,single,,,,2924,"Switzerland, Government of",single,Governments,National Governments,National and Sub-National State Actors,49,2028,single,,,,,,,,,,1,Afghanistan,single,,,,4319,International NGOs (Confidential),single,NGOs,International NGOs,International Actors,49,2028,single,,,,,,,,,,Primary,"Switzerland, Government of",Email,2024-04-10T00:00:00.000Z
311762,2395210,2028,,financial,2024-05-30T18:23:12.818Z,2024-01-12T00:00:00Z,2024-01-12T00:00:00Z,Returnees crisis,earmarked,0.835,2024-04-10T00:00:00Z,Standard,,TRUE,2000000,CHF,Traditional aid,,commitment,2024-05-30T18:23:12.818Z,1,incoming,single,7F-11343,,217,Switzerland,single,,,,2924,"Switzerland, Government of",single,Governments,National Governments,National and Sub-National State Actors,49,2028,single,,,,4,Emergency Shelter and NFI,single,,,,36,Burkina Faso,single,,,,4319,International NGOs (Confidential),single,NGOs,International NGOs,International Actors,49,2028,single,,,,,,,,,,Primary,"Switzerland, Government of",Email,2024-04-10T00:00:00.000Z
311791,718563,2028,,financial,2024-05-30T18:55:40.640Z,2024-01-12T00:00:00Z,2024-01-12T00:00:00Z,Mine Action,softly earmarked,0.835,2024-04-10T00:00:00Z,Standard,,TRUE,600000,CHF,Traditional aid,,commitment,2024-05-30T18:55:40.640Z,1,incoming,single,7F-11362,,217,Switzerland,single,,,,2924,"Switzerland, Government of",single,Governments,National Governments,National and Sub-National State Actors,49,2028,single,,,,15,Protection - Mine Action,single,,,,153,Myanmar,single,,,,5298,Danish Refugee Council,single,NGOs,International NGOs,International Actors,49,2028,single,,,,,,,,,,Primary,"Switzerland, Government of",Email,2024-04-10T00:00:00.000Z
311801,239521,2028,,financial,2024-05-30T19:07:29.053Z,2024-01-12T00:00:00Z,2024-01-12T00:00:00Z,Small Humanitarian Actions,softly earmarked,0.835,2024-04-10T00:00:00Z,Standard,,TRUE,200000,CHF,Traditional aid,,commitment,2024-05-30T19:07:29.053Z,1,incoming,single,7F-11373,,217,Switzerland,single,,,,2924,"Switzerland, Government of",single,Governments,National Governments,National and Sub-National State Actors,49,2028,single,,,,6,Food Security,single,,,,152,Mozambique,single,,,,4319,International NGOs (Confidential),single,NGOs,International NGOs,International Actors,49,2028,single,,,,,,,,,,Primary,"Switzerland, Government of",Email,2024-04-10T00:00:00.000Z
311802,748503,2028,,financial,2024-05-30T19:09:41.108Z,2024-01-12T00:00:00Z,2024-01-12T00:00:00Z,Multi-Hazard,softly earmarked,0.835,2024-04-10T00:00:00Z,Standard,,TRUE,625000,CHF,Traditional aid,,commitment,2024-05-30T19:09:41.108Z,1,incoming,single,7F-11381,,217,Switzerland,single,,,,2924,"Switzerland, Government of",single,Governments,National Governments,National and Sub-National State Actors,49,2028,single,,,,2,Early Recovery,single,,,,175,Peru,single,,,,4319,International NGOs (Confidential),single,NGOs,International NGOs,International Actors,49,2028,single,,,,,,,,,,Primary,"Switzerland, Government of",Email,2024-04-10T00:00:00.000Z
311813,598802,2028,,financial,2024-05-30T19:18:18.903Z,2024-01-12T00:00:00Z,2024-01-12T00:00:00Z,Tchad-UNHAS-Accès aux bénéficiaires,softly earmarked,0.835,2024-04-10T00:00:00Z,Standard,,TRUE,500000,CHF,Traditional aid,,commitment,2024-05-30T19:18:18.903Z,1,incoming,single,7F-11388,,217,Switzerland,single,,,,2924,"Switzerland, Government of",single,Governments,National Governments,National and Sub-National State Actors,49,2028,single,,,,26480,Coordination and support services,single,,,,44,Chad,single,,,,3049,World Food Programme,single,Multilateral Organizations,UN Agencies,International Actors,49,2028,single,,,,,,,,,,Primary,"Switzerland, Government of",Email,2024-04-10T00:00:00.000Z
313611,430967,,,financial,2024-06-22T03:40:54.543Z,2021-01-20T00:00:00Z,2021-01-20T00:00:00Z,Qatar Scholarship Program/EAA/ Al Quds BARD,earmarked,,2024-06-12T00:00:00Z,Standard,,TRUE,,,Traditional aid,,commitment,2024-06-22T03:40:54.543Z,1,incoming,single,,,181,Qatar,single,,,,7173,Education Above All Foundation,single,Private Organizations,Local/National Private Organizations,Local and National Non-State Actors,42,2021,single,,,,3,Education,single,,,,171,Occupied Palestinian Territory,single,,,,14309,Al-Quds Bard College,single,Private Organizations,Local/National Private Organizations,Local and National Non-State Actors,49,2028,single,,,,,,,,,,Primary,Education Above All Foundation,Email,2024-06-12T00:00:00.000Z
313638,3257055,,,financial,2024-06-22T04:04:03.601Z,2023-09-05T00:00:00Z,2023-09-05T00:00:00Z,Zero-Out-of-School Children in Rwanda,earmarked,,2024-06-12T00:00:00Z,Standard,,TRUE,,,Traditional aid,,commitment,2024-06-22T04:04:03.601Z,1,incoming,single,,,181,Qatar,single,,,,7173,Education Above All Foundation,single,Private Organizations,Local/National Private Organizations,Local and National Non-State Actors,44,2023,single,,,,3,Education,single,,,,185,Rwanda,single,,,,2849,Save the Children,single,NGOs,International NGOs,International Actors,49,2028,single,,,,,,,,,,Primary,Education Above All Foundation,Email,2024-06-12T00:00:00.000Z
322405,2849346,2023,,financial,2024-09-27T09:28:42.918Z,2023-09-21T00:00:00Z,2023-09-21T00:00:00Z,"Education	Increase education access to primary schoolers and their welfare, especially for displaced children and their hosts in conflict-affected regions of Burkina Faso
---- USAID",earmarked,,2024-09-27T00:00:00Z,Standard,USAID,TRUE,,,Traditional aid,,paid,2024-09-27T09:28:42.918Z,1,incoming,single,72068523CA00002,,237,United States,single,,,,2933,"United States of America, Government of",single,Governments,National Governments,National and Sub-National State Actors,44,2023,single,,,,3,Education,single,,,,36,Burkina Faso,single,,,,2849,Save the Children,single,NGOs,International NGOs,International Actors,49,2028,single,,,,,,,,,,Primary,Save the Children,Email,2024-09-27T00:00:00.000Z
323249,0,,323250|323251|323252|323253|323254|323255,financial,2024-10-02T14:39:47.936Z,2024-07-26T00:00:00Z,2024-07-26T00:00:00Z,Climate Resilient Agri-Food Systems Transformation Program (CRAFT),earmarked,,2024-10-02T00:00:00Z,Parked,Multiyear,TRUE,,,Traditional aid,,commitment,2024-11-08T11:57:55.204Z,1,incoming,shared,UTF/SSD/044/SSD,39600000,211,South Sudan,single,,,,1920,"Republic of South Sudan, Government of",single,Governments,National Governments,National and Sub-National State Actors,45,2024,single,,,,26512,Agriculture,single,,,,211,South Sudan,single,,,,4399,Food and Agriculture Organization of the United Nations,single,Multilateral Organizations,UN Agencies,International Actors,45; 46; 47; 48; 49; 50,2024; 2025; 2026; 2027; 2028; 2029,shared; shared; shared; shared; shared; shared,NULL; NULL; NULL; NULL; NULL; NULL,NULL; NULL; NULL; NULL; NULL; NULL,NULL; NULL; NULL; NULL; NULL; NULL,,,,,,,Primary,Food and Agriculture Organization of the United Nations,Email,2024-10-02T00:00:00.000Z
323254,6936974,,,financial,2024-10-02T14:46:35.884Z,2024-07-26T00:00:00Z,2024-07-26T00:00:00Z,Climate Resilient Agri-Food Systems Transformation Program (CRAFT),earmarked,,2024-10-02T00:00:00Z,Standard,Multiyear,TRUE,,,Traditional aid,323249,commitment,2024-11-08T11:57:41.480Z,1,incoming,single,UTF/SSD/044/SSD,,211,South Sudan,single,,,,1920,"Republic of South Sudan, Government of",single,Governments,National Governments,National and Sub-National State Actors,45,2024,single,,,,26512,Agriculture,single,,,,211,South Sudan,single,,,,4399,Food and Agriculture Organization of the United Nations,single,Multilateral Organizations,UN Agencies,International Actors,49,2028,single,,,,,,,,,,Primary,Food and Agriculture Organization of the United Nations,Email,2024-10-02T00:00:00.000Z
329246,0,2024,320739|320738|320737|329247|329248|329249|329250,financial,2024-11-25T12:46:51.539Z,2024-08-08T00:00:00Z,2024-08-09T00:00:00Z,WFP South Sudan Response,earmarked,0.779,2024-11-25T00:00:00Z,Parked,Multiyear,TRUE,0,GBP,Traditional aid,,paid,2024-11-25T12:48:40.162Z,1,incoming,shared,301568-401,136521181,236,United Kingdom,single,,,,2917,"United Kingdom, Government of",single,Governments,National Governments,National and Sub-National State Actors,45,2024,single,,,,,,,,,,211,South Sudan,single,,,,3049,World Food Programme,single,Multilateral Organizations,UN Agencies,International Actors,45; 46; 47; 48; 49,2024; 2025; 2026; 2027; 2028,shared; shared; shared; shared; shared,NULL; NULL; NULL; NULL; NULL,NULL; NULL; NULL; NULL; NULL,NULL; NULL; NULL; NULL; NULL,,,,,,,Primary,World Food Programme,Email,2024-11-25T00:00:00.000Z
329250,9969953,2024,,financial,2024-11-25T12:48:40.034Z,2024-08-08T00:00:00Z,2024-08-08T00:00:00Z,contributions not used in the HRP,earmarked,0.779,2024-09-13T00:00:00Z,Standard,Multiyear,TRUE,7766593,GBP,Traditional aid,329246,paid,2024-11-25T12:48:40.034Z,1,incoming,single,70003027	301568-401 	 UK -C-00560-01 	 SS02,,236,United Kingdom,single,,,,2917,"United Kingdom, Government of",single,Governments,National Governments,National and Sub-National State Actors,45,2024,single,,,,6,Food Security,single,,,,211,South Sudan,single,,,,3049,World Food Programme,single,Multilateral Organizations,UN Agencies,International Actors,49,2028,single,,,,,,,,,,Primary,World Food Programme,Email,2024-09-13T00:00:00.000Z
329251,8532722,2024,,financial,2024-11-25T12:54:50.924Z,2024-08-23T00:00:00Z,2024-08-23T00:00:00Z,HAC-SOUTH SUDAN	The United Kingdom	South Sudan	South Sudan: South Sudan Humanitarian Assistance and Resilience Programme (SSHAR	Cross-Sectoral (two or more outcome areas,earmarked,0.759,2024-11-21T00:00:00Z,Standard,,TRUE,6476336,GBP,Traditional aid,329252,paid,2024-11-25T12:54:50.924Z,2,incoming,single,SM240392	301568-402,,236,United Kingdom,single,,,,2917,"United Kingdom, Government of",single,Governments,National Governments,National and Sub-National State Actors,45,2024,single,,,,9,Nutrition,single,,,,211,South Sudan,single,,,,2915,United Nations Children's Fund,single,Multilateral Organizations,UN Agencies,International Actors,49,2028,single,,,,,,,,,,Primary,United Nations Children's Fund,Email,2024-11-21T00:00:00.000Z
329252,0,2024,328608|328607|328605|329251|328606,financial,2024-11-25T12:54:50.566Z,2024-11-25T00:00:00Z,2024-08-23T00:00:00Z,Responding to humanitarian needs while building resilience of the most vulnerable children and women in South Suda,earmarked,0.759,2024-11-25T00:00:00Z,Parked,Multiyear,TRUE,0,GBP,Traditional aid,,paid,2024-12-18T19:39:41.785Z,1,incoming,shared,301568-402,31831357,236,United Kingdom,single,,,,2917,"United Kingdom, Government of",single,Governments,National Governments,National and Sub-National State Actors,45,2024,single,,,,,,,,,,211,South Sudan,single,,,,2915,United Nations Children's Fund,single,Multilateral Organizations,UN Agencies,International Actors,45; 46; 47; 48; 49,2024; 2025; 2026; 2027; 2028,shared; shared; shared; shared; shared,NULL; NULL; NULL; NULL; NULL,NULL; NULL; NULL; NULL; NULL,NULL; NULL; NULL; NULL; NULL,,,,,,,Primary,"United Kingdom, Government of",Email,2024-11-25T00:00:00.000Z
329253,0,2024,329235|329255|329256|329257|329254,financial,2024-11-25T12:57:35.026Z,2024-11-25T00:00:00Z,2024-09-23T00:00:00Z,Provide lifesaving support for vulnerable people and strengthen equity and sustainability of services in south sudan,earmarked,0.7478,2024-11-25T00:00:00Z,Parked,Multiyear,TRUE,0,GBP,Traditional aid,,paid,2024-12-18T19:39:29.393Z,1,incoming,shared,301568-403,31278417,236,United Kingdom,single,,,,2917,"United Kingdom, Government of",single,Governments,National Governments,National and Sub-National State Actors,45,2024,single,,,,,,,,,,211,South Sudan,single,,,,2986,International Organization for Migration,single,Multilateral Organizations,UN Agencies,International Actors,45; 46; 47; 48; 49,2024; 2025; 2026; 2027; 2028,shared; shared; shared; shared; shared,NULL; NULL; NULL; NULL; NULL,NULL; NULL; NULL; NULL; NULL,NULL; NULL; NULL; NULL; NULL,,,,,,,Primary,"United Kingdom, Government of",Email,2024-11-25T00:00:00.000Z
329257,6017652,2024,,financial,2024-11-25T12:59:22.612Z,2023-12-07T00:00:00Z,2024-09-23T00:00:00Z,Provide lifesaving support for vulnerable people and strengthen equity and sustainability of services in south sudan,earmarked,0.7478,2024-11-25T00:00:00Z,Standard,Multiyear,TRUE,4500000,GBP,Traditional aid,329253,paid,2024-11-25T12:59:22.612Z,1,incoming,single,301568-403,,236,United Kingdom,single,,,,2917,"United Kingdom, Government of",single,Governments,National Governments,National and Sub-National State Actors,45,2024,single,,,,26479,Multi-sector,single,,,,211,South Sudan,single,,,,2986,International Organization for Migration,single,Multilateral Organizations,UN Agencies,International Actors,49,2028,single,,,,,,,,,,Primary,"United Kingdom, Government of",Email,2024-11-25T00:00:00.000Z
329258,0,2024,329232|329259|329260|329261|329262,financial,2024-11-25T13:01:46.821Z,2024-11-25T00:00:00Z,2024-10-16T00:00:00Z,Multi-Sector - GBV Programming	GBV prevention and response to conflict affected populations in south sudan,earmarked,0.76,2024-11-25T00:00:00Z,Parked,Multiyear,TRUE,0,GBP,Traditional aid,,paid,2024-12-18T19:39:09.417Z,1,incoming,shared,301568-405,10073080,236,United Kingdom,single,,,,2917,"United Kingdom, Government of",single,Governments,National Governments,National and Sub-National State Actors,45,2024,single,,,,,,,,,,211,South Sudan,single,,,,8605,International Medical Corps UK,single,NGOs,International NGOs,International Actors,45; 46; 47; 48; 49,2024; 2025; 2026; 2027; 2028,shared; shared; shared; shared; shared,NULL; NULL; NULL; NULL; NULL,NULL; NULL; NULL; NULL; NULL,NULL; NULL; NULL; NULL; NULL,,,,,,,Primary,"United Kingdom, Government of",Email,2024-11-25T00:00:00.000Z
329262,975746,2024,,financial,2024-11-25T13:03:31.362Z,2024-11-25T00:00:00Z,2024-10-16T00:00:00Z,South Sudan HRP 2024	N/A	Multi-Sector - GBV Programming	GBV prevention and response to conflict affected populations in south sudan,earmarked,0.76,2024-05-29T00:00:00Z,Standard,Multiyear,TRUE,741567,GBP,Traditional aid,329258,paid,2024-11-25T13:03:31.362Z,1,incoming,single,301568-405,,236,United Kingdom,single,,,,2917,"United Kingdom, Government of",single,Governments,National Governments,National and Sub-National State Actors,45,2024,single,,,,13,Protection - Gender-Based Violence,single,,,,211,South Sudan,single,,,,8605,International Medical Corps UK,single,NGOs,International NGOs,International Actors,49,2028,single,,,,,,,,,,Primary,"United Kingdom, Government of",Email,2024-05-29T00:00:00.000Z
334221,80645,,,in kind,2024-12-17T12:38:30.607Z,2024-12-17T00:00:00Z,2021-12-21T00:00:00Z,"Supporting poor farmers with equipment, grain and agricultural requirements",earmarked,0.31,2024-12-05T00:00:00Z,Standard,,FALSE,25000,KWD,Traditional aid,,paid,2024-12-17T12:38:30.607Z,1,outgoing,single,Ministry of Foreign Affairs system number-4673,,120,Kuwait,single,,,,14712,Al-Salam Association for humanitarian and charitable works,single,NGOs,International NGOs,International Actors,49,2028,single,,,,26481,Other,single,,,,229,Türkiye,single,,,,4319,International NGOs (Confidential),single,NGOs,International NGOs,International Actors,43,2022,single,,,,,,,,,,Primary,Al-Salam Association for humanitarian and charitable works,Email,2024-12-05T00:00:00.000Z
335841,0,,335842|335843|335844|335845,financial,2025-01-14T07:34:28.017Z,2025-01-14T00:00:00Z,2024-12-12T00:00:00Z,South Sudan's Green and Resilient Agriculture and Climate Economy (GRACE),unearmarked,0.96,2024-12-19T00:00:00Z,Parked,Multiyear,TRUE,0,EUR,Traditional aid,,commitment,2025-01-27T09:52:32.922Z,1,incoming,shared,700002697  UNJP/SSD/043/EC,36666666,,,,,,,2966,European Commission,single,Multilateral Organizations,Other Multilateral Organizations,International Actors,46,2025,single,,,,6,Food Security,single,,,,211,South Sudan,single,,,,8417,UN Agencies (Confidential),single,Multilateral Organizations,UN Agencies,International Actors,46; 47; 48; 49,2025; 2026; 2027; 2028,shared; shared; shared; shared,NULL; NULL; NULL; NULL,NULL; NULL; NULL; NULL,NULL; NULL; NULL; NULL,,,,,,,Primary; Primary,UN Agencies (Confidential); UN Agencies (Confidential),Email; Email,2025-01-10T00:00:00.000Z; 2025-01-27T00:00:00.000Z
335845,7926183,,,financial,2025-01-14T07:47:56.335Z,2025-01-14T00:00:00Z,2024-12-12T00:00:00Z,South Sudan's Green and Resilient Agriculture and Climate Economy (GRACE),unearmarked,0.96,2024-12-19T00:00:00Z,Parked,Multiyear,TRUE,7609136,EUR,Traditional aid,335841,commitment,2025-01-14T07:47:56.335Z,1,incoming,single,700002697  UNJP/SSD/043/EC,7926183,,,,,,,2966,European Commission,single,Multilateral Organizations,Other Multilateral Organizations,International Actors,46,2025,single,,,,26512,Agriculture,single,,,,211,South Sudan,single,,,,8417,UN Agencies (Confidential),single,Multilateral Organizations,UN Agencies,International Actors,49,2028,single,,,,,,,,,,Primary,UN Agencies (Confidential),Email,2025-01-10T00:00:00.000Z
338615,0,,338616|338617|338618|338619,financial,2025-03-01T19:03:13.976Z,2025-03-01T00:00:00Z,2025-02-28T00:00:00Z,Scaling Up Gender-Inclusive and Climate-Resilient Livelihoods Program in Somalia,earmarked,1.4,2025-02-28T00:00:00Z,Parked,Multiyear,TRUE,0,CAD,Cash transfer programming (CTP),,commitment,2025-03-03T05:46:59.561Z,1,incoming,shared,P013883,5000000,40,Canada,single,,,,2928,"Canada, Government of",single,Governments,National Governments,National and Sub-National State Actors,46,2025,single,,,,6,Food Security,single,,,,206,Somalia,single,,,,4399,Food and Agriculture Organization of the United Nations,single,Multilateral Organizations,UN Agencies,International Actors,48; 49; 46; 47,2027; 2028; 2025; 2026,shared; shared; shared; shared,NULL; NULL; NULL; NULL,NULL; NULL; NULL; NULL,NULL; NULL; NULL; NULL,,,,,,,Primary,Food and Agriculture Organization of the United Nations,Email,2025-02-28T00:00:00.000Z
338619,1071429,,,financial,2025-03-03T05:42:40.575Z,2025-03-01T00:00:00Z,2025-02-28T00:00:00Z,Scaling Up Gender-Inclusive and Climate-Resilient Livelihoods Program in Somalia,earmarked,1.4,2025-02-28T00:00:00Z,Parked,Multiyear,TRUE,1500000,CAD,Cash transfer programming (CTP),338615,commitment,2025-03-03T05:42:40.575Z,1,incoming,single,P013883,1071429,40,Canada,single,,,,2928,"Canada, Government of",single,Governments,National Governments,National and Sub-National State Actors,46,2025,single,,,,6,Food Security,single,,,,206,Somalia,single,,,,4399,Food and Agriculture Organization of the United Nations,single,Multilateral Organizations,UN Agencies,International Actors,49,2028,single,,,,,,,,,,Primary,Food and Agriculture Organization of the United Nations,Email,2025-02-28T00:00:00.000Z
338704,1111111,2025,,financial,2025-03-12T02:33:01.946Z,2025-03-03T00:00:00Z,2025-03-03T00:00:00Z,Switzerland Contribution to Lebanon Humanitarian Fund (3604) 2028,softly earmarked,0.9,2025-03-05T00:00:00Z,Standard,,TRUE,1000000,CHF,Traditional aid,,commitment,2025-03-12T06:24:10.715Z,2,incoming,single,OCT/CHE/2028/77542/OCHA(CBPF-OCHA)/SYR/84386 7F-10041 .03/81083878,,217,Switzerland,single,,,,2924,"Switzerland, Government of",single,Governments,National Governments,National and Sub-National State Actors,46,2025,single,,,,,,,,,,124,Lebanon,single,,,,7983,Lebanon Humanitarian Fund,single,Pooled Funds,Country-based UN Pooled Funds,Pooled Funds,49,2028,single,,,,,,,,,,Primary,Office for the Coordination of Humanitarian Affairs,From OCT-CBPF,2025-03-12T00:00:00.000Z
338868,0,,338869|338870|338871|338872,financial,2025-03-07T19:51:54.096Z,2025-03-07T00:00:00Z,2025-03-06T00:00:00Z,Early warning and response for farmer-pastoralist conflict in South Kordofan,earmarked,1.433,2025-03-07T00:00:00Z,Parked,Multiyear|Global Affairs Canada,TRUE,0,CAD,Traditional aid,,commitment,2025-03-07T20:08:07.867Z,1,incoming,shared,P014741  OSRO/SUD/137/CAN,6629449,40,Canada,single,,,,2928,"Canada, Government of",single,Governments,National Governments,National and Sub-National State Actors,46,2025,single,,,,6,Food Security,single,,,,212,Sudan,single,,,,8417,UN Agencies (Confidential),single,Multilateral Organizations,UN Agencies,International Actors,46; 47; 48; 49,2025; 2026; 2027; 2028,shared; shared; shared; shared,NULL; NULL; NULL; NULL,NULL; NULL; NULL; NULL,NULL; NULL; NULL; NULL,,,,,,,Primary,UN Agencies (Confidential),Email,2025-03-07T00:00:00.000Z
338872,1129449,,,financial,2025-03-07T20:06:55.771Z,2025-03-07T00:00:00Z,2025-03-06T00:00:00Z,Early warning and response for farmer-pastoralist conflict in South Kordofan,earmarked,1.433,2025-03-07T00:00:00Z,Parked,Multiyear|Global Affairs Canada,TRUE,1618500,CAD,Traditional aid,338868,commitment,2025-03-07T20:06:55.771Z,1,incoming,single,P014741  OSRO/SUD/137/CAN,1129449,40,Canada,single,,,,2928,"Canada, Government of",single,Governments,National Governments,National and Sub-National State Actors,46,2025,single,,,,6,Food Security,single,,,,212,Sudan,single,,,,8417,UN Agencies (Confidential),single,Multilateral Organizations,UN Agencies,International Actors,49,2028,single,,,,,,,,,,Primary,UN Agencies (Confidential),Email,2025-03-07T00:00:00.000Z
339111,0,2025,339112|339119|339120|339121|339122|339123|339124,financial,2025-03-12T02:33:13.014Z,2024-12-03T00:00:00Z,2024-12-03T00:00:00Z,Voluntary contribution to strengthening the international humanitarian system,unearmarked,0.913,2025-03-11T00:00:00Z,Parked,Multiyear,TRUE,0,EUR,Traditional aid,,commitment,2025-03-12T06:19:24.171Z,1,incoming,shared,S03-313.00#00128#0018-24,15881709,83,Germany,single,,,,4306,"Germany, Government of",single,Governments,National Governments,National and Sub-National State Actors,45; 46; 47; 48; 49; 50; 51,2024; 2025; 2026; 2027; 2028; 2029; 2030,shared; shared; shared; shared; shared; shared; shared,NULL; NULL; NULL; NULL; NULL; NULL; NULL,NULL; NULL; NULL; NULL; NULL; NULL; NULL,NULL; NULL; NULL; NULL; NULL; NULL; NULL,,,,,,,1; 19; 124; 162; 251,Afghanistan; Bangladesh; Lebanon; Niger; Global,shared; shared; shared; shared; shared,NULL; NULL; NULL; NULL; NULL,NULL; NULL; NULL; NULL; NULL,NULL; NULL; NULL; NULL; NULL,12593,Women's Peace and Humanitarian Fund,single,Pooled Funds,Other Pooled Funds,Pooled Funds,45; 46; 47; 48; 49; 50; 51,2024; 2025; 2026; 2027; 2028; 2029; 2030,shared; shared; shared; shared; shared; shared; shared,NULL; NULL; NULL; NULL; NULL; NULL; NULL,NULL; NULL; NULL; NULL; NULL; NULL; NULL,NULL; NULL; NULL; NULL; NULL; NULL; NULL,,,,,,,Primary,"Germany, Government of",From EDRIS,2025-03-11T00:00:00.000Z
